target,duration,protocol_type,service,flag,src_bytes,dst_bytes,land,wrong_fragment,urgent,hot,num_failed_logins,logged_in,num_compromised,root_shell,su_attempted,num_root,num_file_creations,num_shells,num_access_files,num_outbound_cmds,is_host_login,is_guest_login,count,srv_count,serror_rate,srv_serror_rate,rerror_rate,srv_rerror_rate,same_srv_rate,diff_srv_rate,srv_diff_host_rate,dst_host_count,dst_host_srv_count,dst_host_same_srv_rate,dst_host_diff_srv_rate,dst_host_same_src_port_rate,dst_host_srv_diff_host_rate,dst_host_serror_rate,dst_host_srv_serror_rate,dst_host_rerror_rate,dst_host_srv_rerror_rate,attack,level,protocol_type_unseen
2,2224,tcp,telnet,SF,3548,37496,0,0,0,0,1,1,15,0,0,3,4,0,1,0,0,0,1,1,0.0,0.0,0.0,0.0,1.0,0.0,0.0,255,164,0.64,0.02,0.0,0.0,0.59,0.91,0.02,0.01,buffer_overflow,12,0
2,1964,tcp,telnet,SF,3760,29364,0,0,0,2,0,1,8,1,0,4,4,0,0,0,0,0,1,1,0.0,0.0,0.0,0.0,1.0,0.0,0.0,255,3,0.01,0.84,0.0,0.0,0.0,0.0,0.83,0.0,buffer_overflow,1,0
2,1776,tcp,telnet,SF,3061,54942,0,0,0,15,1,1,14,1,0,26,5,0,4,0,0,0,1,1,0.0,0.0,0.0,0.0,1.0,0.0,0.0,9,2,0.11,0.44,0.11,1.0,0.0,0.0,0.0,0.0,multihop,0,0
2,988,tcp,telnet,SF,1773,32209,0,0,0,4,0,1,57,1,0,51,7,5,0,0,0,0,1,1,0.0,0.0,0.0,0.0,1.0,0.0,0.0,255,104,0.41,0.03,0.0,0.0,0.33,0.77,0.02,0.01,rootkit,8,0
2,804,tcp,telnet,SF,1589,36386,0,0,3,7,0,1,49,1,0,145,1,0,0,0,0,0,1,1,0.0,0.0,0.0,0.0,1.0,0.0,0.0,18,4,0.22,0.17,0.06,0.0,0.0,0.0,0.06,0.25,rootkit,0,0
2,684,tcp,telnet,SF,2715,13392,0,0,0,1,1,1,8,0,0,3,5,0,0,0,0,0,1,1,0.0,0.0,0.0,0.0,1.0,0.0,0.0,255,14,0.05,0.71,0.0,0.0,0.0,0.0,0.68,0.07,buffer_overflow,3,0
2,373,tcp,telnet,SF,2954,4768,0,0,0,0,0,1,3,0,0,1,6,0,1,0,0,0,1,1,0.0,0.0,0.0,0.0,1.0,0.0,0.0,255,13,0.05,0.72,0.0,0.0,0.0,0.0,0.69,0.08,buffer_overflow,1,0
2,253,tcp,telnet,SF,1734,3196,0,0,0,3,0,1,2,1,0,0,1,0,0,0,0,0,1,1,0.0,0.0,0.0,0.0,1.0,0.0,0.0,251,24,0.1,0.02,0.0,0.0,0.0,0.04,0.0,0.04,buffer_overflow,1,0
2,198,tcp,telnet,SF,2442,10661,0,0,0,2,0,1,6,1,0,4,0,0,0,0,0,0,1,1,0.0,0.0,0.0,0.0,1.0,0.0,0.0,255,1,0.0,0.37,0.0,0.0,0.0,0.0,0.0,0.0,buffer_overflow,1,0
2,192,tcp,telnet,SF,1713,18570,0,0,0,3,0,1,49,1,0,45,2,1,2,0,0,0,1,1,0.0,0.0,0.0,0.0,1.0,0.0,0.0,151,32,0.04,0.03,0.01,0.06,0.0,0.0,0.0,0.53,buffer_overflow,0,0
2,154,tcp,telnet,SF,1510,3349,0,0,0,3,0,1,2,1,0,0,1,0,0,0,0,0,1,1,0.0,0.0,0.0,0.0,1.0,0.0,0.0,255,35,0.14,0.03,0.0,0.0,0.0,0.0,0.0,0.0,buffer_overflow,0,0
2,142,tcp,ftp,SF,142,461,0,0,0,1,0,1,0,0,0,0,3,0,0,0,0,1,1,1,0.0,0.0,0.0,0.0,1.0,0.0,0.0,1,1,1.0,0.0,1.0,0.0,0.0,0.0,0.0,0.0,warezmaster,11,0
2,92,tcp,telnet,SF,2458,9336,0,0,0,6,0,1,8,1,0,2,0,0,0,0,0,0,1,1,0.0,0.0,0.0,0.0,1.0,0.0,0.0,146,19,0.13,0.03,0.01,0.0,0.0,0.0,0.0,0.0,buffer_overflow,0,0
2,84,tcp,telnet,SF,2742,5433,0,0,0,6,0,1,5,1,0,1,1,1,0,0,0,0,1,1,0.0,0.0,0.0,0.0,1.0,0.0,0.0,255,1,0.0,0.01,0.0,0.0,0.0,0.0,0.0,0.0,buffer_overflow,1,0
2,84,tcp,telnet,SF,277,1089,0,0,0,2,0,1,1,1,0,0,4,2,0,0,0,0,1,1,0.0,0.0,0.0,0.0,1.0,0.0,0.0,255,1,0.0,0.07,0.0,0.0,0.14,0.0,0.86,0.0,loadmodule,3,0
2,75,tcp,telnet,SF,277,1087,0,0,0,2,0,1,1,1,0,0,4,2,0,0,0,0,1,1,0.0,0.0,0.0,0.0,1.0,0.0,0.0,137,101,0.74,0.04,0.01,0.0,0.73,0.99,0.0,0.0,loadmodule,9,0
2,72,tcp,telnet,SF,2783,15142,0,0,0,10,0,1,2,1,0,0,0,0,0,0,0,0,1,1,0.0,0.0,0.0,0.0,1.0,0.0,0.0,255,56,0.22,0.15,0.0,0.0,0.0,0.0,0.98,0.98,buffer_overflow,4,0
2,71,tcp,telnet,SF,2783,15242,0,0,0,10,0,1,2,1,0,0,0,0,0,0,0,0,1,1,0.0,0.0,0.0,0.0,1.0,0.0,0.0,255,1,0.0,0.01,0.0,0.0,0.0,0.0,0.0,0.0,buffer_overflow,1,0
2,69,tcp,telnet,SF,2458,223095,0,0,0,6,0,1,36,1,0,31,0,0,0,0,0,0,1,1,0.0,0.0,0.0,0.0,1.0,0.0,0.0,120,28,0.23,0.03,0.01,0.0,0.0,0.0,0.0,0.0,buffer_overflow,0,0
2,69,tcp,telnet,SF,331,2762,0,0,0,0,0,1,0,0,0,0,3,2,0,0,0,0,1,1,0.0,0.0,0.0,0.0,1.0,0.0,0.0,255,1,0.0,0.01,0.0,0.0,0.0,0.0,0.0,0.0,multihop,0,0
2,62,tcp,telnet,SF,2615,4233,0,0,0,5,0,1,2,1,0,0,0,0,0,0,0,0,1,1,0.0,0.0,0.0,0.0,1.0,0.0,0.0,255,1,0.0,0.07,0.0,0.0,1.0,0.0,0.0,0.0,buffer_overflow,3,0
2,60,tcp,telnet,S3,120,188,0,0,0,0,1,0,0,0,0,0,0,0,0,0,0,0,1,1,1.0,1.0,0.0,0.0,1.0,0.0,0.0,255,254,1.0,0.01,0.0,0.0,0.02,0.02,0.02,0.02,guess_passwd,17,0
2,60,tcp,telnet,S3,121,188,0,0,0,0,1,0,0,0,0,0,0,0,0,0,0,0,1,1,1.0,1.0,0.0,0.0,1.0,0.0,0.0,255,255,1.0,0.0,0.0,0.0,0.01,0.01,0.02,0.02,guess_passwd,17,0
2,60,tcp,telnet,S3,132,178,0,0,0,0,1,0,0,0,0,0,0,0,0,0,0,0,1,1,1.0,1.0,0.0,0.0,1.0,0.0,0.0,255,5,0.02,0.35,0.0,0.0,0.01,0.2,0.65,0.4,guess_passwd,15,0
2,60,tcp,telnet,S3,122,188,0,0,0,0,1,0,0,0,0,0,0,0,0,0,0,0,1,1,1.0,1.0,0.0,0.0,1.0,0.0,0.0,255,255,1.0,0.0,0.0,0.0,0.01,0.01,0.02,0.02,guess_passwd,17,0
2,58,tcp,telnet,SF,2615,4233,0,0,0,5,0,1,2,1,0,0,0,0,0,0,0,0,1,1,0.0,0.0,0.0,0.0,1.0,0.0,0.0,10,2,0.2,0.2,0.1,0.0,0.0,0.0,0.0,0.0,buffer_overflow,1,0
2,43,tcp,telnet,SF,260,2611,0,0,0,0,0,1,0,1,0,2,2,1,0,0,0,0,1,1,0.0,0.0,0.0,0.0,1.0,0.0,0.0,255,13,0.05,0.02,0.0,0.0,0.0,0.0,0.03,0.62,perl,3,0
2,40,tcp,telnet,SF,258,2625,0,0,0,0,0,1,0,0,0,0,2,1,0,0,0,0,1,1,0.0,0.0,0.0,0.0,1.0,0.0,0.0,28,2,0.04,0.21,0.04,1.0,0.0,0.0,0.07,0.0,perl,1,0
2,30,tcp,telnet,SF,137,1403,0,0,0,0,0,1,0,0,0,0,1,0,0,0,0,0,1,1,0.0,0.0,0.0,0.0,1.0,0.0,0.0,235,17,0.07,0.03,0.0,0.0,0.0,0.0,0.0,0.0,buffer_overflow,1,0
2,26,tcp,telnet,SF,156,1561,0,0,0,7,0,1,1,1,0,0,0,0,0,0,0,0,1,1,0.0,0.0,0.0,0.0,1.0,0.0,0.0,255,162,0.64,0.02,0.0,0.0,0.0,0.01,0.39,0.24,buffer_overflow,6,0
2,20,tcp,ftp,SF,74,320,0,0,0,1,0,1,0,0,0,0,1,0,1,0,0,1,1,1,0.0,0.0,0.0,0.0,1.0,0.0,0.0,255,23,0.09,0.02,0.0,0.0,0.53,0.0,0.02,0.0,ftp_write,12,0
2,8,tcp,ftp,SF,220,688,0,0,0,4,0,1,0,0,0,0,4,0,0,0,0,0,1,1,0.0,0.0,0.0,0.0,1.0,0.0,0.0,53,27,0.51,0.08,0.02,0.0,0.0,0.0,0.0,0.0,buffer_overflow,1,0
2,5,tcp,telnet,RSTO,123,177,0,0,0,0,1,0,0,0,0,0,0,0,0,0,0,0,1,1,0.0,0.0,1.0,1.0,1.0,0.0,0.0,255,2,0.01,0.02,0.0,0.0,0.0,0.0,0.0,0.5,guess_passwd,11,0
2,4,tcp,telnet,SF,120,174,0,0,0,0,1,0,0,0,0,0,0,0,0,0,0,0,1,1,0.0,0.0,0.0,0.0,1.0,0.0,0.0,255,254,1.0,0.01,0.0,0.0,0.01,0.01,0.02,0.02,guess_passwd,14,0
2,4,tcp,telnet,RSTO,123,178,0,0,0,0,1,0,0,0,0,0,0,0,0,0,0,0,1,1,0.0,0.0,1.0,1.0,1.0,0.0,0.0,22,6,0.27,0.14,0.05,0.0,0.0,0.0,0.09,0.33,guess_passwd,10,0
2,3,tcp,ftp,SF,26,157,0,0,0,0,1,0,0,0,0,0,0,0,0,0,0,1,1,1,0.0,0.0,0.0,0.0,1.0,0.0,0.0,48,22,0.46,0.08,0.02,0.0,0.0,0.0,0.0,0.0,guess_passwd,6,0
2,3,tcp,telnet,SF,119,174,0,0,0,0,1,0,0,0,0,0,0,0,0,0,0,0,1,1,0.0,0.0,0.0,0.0,1.0,0.0,0.0,255,17,0.07,0.02,0.0,0.0,0.0,0.0,0.0,0.06,guess_passwd,7,0
2,3,tcp,telnet,RSTO,122,177,0,0,0,0,1,0,0,0,0,0,0,0,0,0,0,0,1,1,0.0,0.0,1.0,1.0,1.0,0.0,0.0,24,8,0.33,0.12,0.04,0.0,0.0,0.0,0.12,0.38,guess_passwd,11,0
2,2,tcp,telnet,RSTO,122,177,0,0,0,0,1,0,0,0,0,0,0,0,0,0,0,0,1,1,0.0,0.0,1.0,1.0,1.0,0.0,0.0,255,11,0.04,0.01,0.0,0.0,0.0,0.0,0.03,0.64,guess_passwd,13,0
2,2,tcp,telnet,RSTO,123,177,0,0,0,0,1,0,0,0,0,0,0,0,0,0,0,0,1,1,0.0,0.0,1.0,1.0,1.0,0.0,0.0,9,1,0.11,0.33,0.11,0.0,0.0,0.0,0.11,1.0,guess_passwd,12,0
2,1,tcp,telnet,RSTO,123,178,0,0,0,0,1,0,0,0,0,0,0,0,0,0,0,0,1,1,0.0,0.0,1.0,1.0,1.0,0.0,0.0,255,9,0.04,0.01,0.0,0.0,0.0,0.0,0.02,0.67,guess_passwd,13,0
2,1,tcp,telnet,SF,123,174,0,0,0,0,1,0,0,0,0,0,0,0,0,0,0,0,2,2,0.0,0.0,0.5,0.5,1.0,0.0,0.0,255,58,0.23,0.02,0.0,0.0,0.0,0.0,0.01,0.05,guess_passwd,11,0
2,1,tcp,telnet,RSTO,124,178,0,0,0,0,1,0,0,0,0,0,0,0,0,0,0,0,1,1,0.0,0.0,1.0,1.0,1.0,0.0,0.0,255,3,0.01,0.02,0.0,0.0,0.0,0.0,0.01,0.67,guess_passwd,13,0
2,1,tcp,telnet,RSTO,123,178,0,0,0,0,1,0,0,0,0,0,0,0,0,0,0,0,1,1,0.0,0.0,1.0,1.0,1.0,0.0,0.0,255,12,0.05,0.01,0.0,0.0,0.0,0.0,0.03,0.67,guess_passwd,13,0
2,1,tcp,telnet,RSTO,123,178,0,0,0,0,1,0,0,0,0,0,0,0,0,0,0,0,1,1,0.0,0.0,1.0,1.0,1.0,0.0,0.0,255,6,0.02,0.01,0.0,0.0,0.0,0.0,0.02,0.67,guess_passwd,13,0
2,1,tcp,telnet,RSTO,128,178,0,0,0,0,1,0,0,0,0,0,0,0,0,0,0,0,1,1,0.0,0.0,1.0,1.0,1.0,0.0,0.0,255,7,0.03,0.25,0.0,0.0,0.01,0.14,0.49,0.43,guess_passwd,14,0
2,1,tcp,telnet,RSTO,122,177,0,0,0,0,1,0,0,0,0,0,0,0,0,0,0,0,1,1,0.0,0.0,1.0,1.0,1.0,0.0,0.0,255,8,0.03,0.01,0.0,0.0,0.0,0.0,0.02,0.62,guess_passwd,13,0
2,1,tcp,telnet,SF,121,174,0,0,0,0,1,0,0,0,0,0,0,0,0,0,0,0,3,3,0.0,0.0,0.33,0.33,1.0,0.0,0.0,255,59,0.23,0.02,0.0,0.0,0.0,0.0,0.01,0.05,guess_passwd,12,0
2,1,tcp,ftp,SF,26,157,0,0,0,0,1,0,0,0,0,0,0,0,0,0,0,1,1,1,0.0,0.0,0.0,0.0,1.0,0.0,0.0,67,37,0.55,0.06,0.01,0.0,0.0,0.0,0.0,0.0,guess_passwd,6,0
2,1,tcp,telnet,RSTO,123,177,0,0,0,0,1,0,0,0,0,0,0,0,0,0,0,0,1,1,0.0,0.0,1.0,1.0,1.0,0.0,0.0,255,4,0.02,0.35,0.0,0.0,0.0,0.0,0.65,0.5,guess_passwd,13,0
2,1,tcp,telnet,SF,124,178,0,0,0,0,1,0,0,0,0,0,0,0,0,0,0,0,1,1,0.0,0.0,0.0,0.0,1.0,0.0,0.0,10,2,0.2,0.3,0.1,0.0,0.0,0.0,0.1,0.5,guess_passwd,10,0
2,0,tcp,telnet,SF,120,174,0,0,0,0,1,0,0,0,0,0,0,0,0,0,0,0,2,2,0.0,0.0,0.0,0.0,1.0,0.0,0.0,255,98,0.38,0.02,0.0,0.0,0.0,0.0,0.01,0.03,guess_passwd,10,0
2,0,tcp,telnet,RSTO,124,188,0,0,0,0,1,0,0,0,0,0,0,0,0,0,0,0,1,1,0.0,0.0,1.0,1.0,1.0,0.0,0.0,255,254,1.0,0.01,0.0,0.0,0.01,0.01,0.02,0.02,guess_passwd,10,0
2,0,tcp,telnet,SF,124,174,0,0,0,0,1,0,0,0,0,0,0,0,0,0,0,0,2,2,0.0,0.0,0.0,0.0,1.0,0.0,0.0,255,255,1.0,0.0,0.0,0.0,0.0,0.0,0.02,0.02,guess_passwd,16,0
2,0,tcp,ftp,SF,26,157,0,0,0,0,1,0,0,0,0,0,0,0,0,0,0,1,1,1,0.0,0.0,0.0,0.0,1.0,0.0,0.0,155,71,0.46,0.03,0.01,0.0,0.0,0.0,0.0,0.0,guess_passwd,7,0
2,0,tcp,telnet,SF,120,174,0,0,0,0,1,0,0,0,0,0,0,0,0,0,0,0,1,1,0.0,0.0,0.0,0.0,1.0,0.0,0.0,255,254,1.0,0.01,0.0,0.0,0.01,0.01,0.02,0.02,guess_passwd,15,0
2,0,tcp,telnet,SF,121,174,0,0,0,0,1,0,0,0,0,0,0,0,0,0,0,0,1,1,0.0,0.0,0.0,0.0,1.0,0.0,0.0,255,204,0.8,0.02,0.0,0.0,0.0,0.0,0.02,0.03,guess_passwd,15,0
2,0,tcp,telnet,SF,126,174,0,0,0,0,1,0,0,0,0,0,0,0,0,0,0,0,1,1,0.0,0.0,0.0,0.0,1.0,0.0,0.0,255,248,0.97,0.01,0.0,0.0,0.0,0.0,0.02,0.02,guess_passwd,16,0
2,0,tcp,ftp,SF,26,157,0,0,0,0,1,0,0,0,0,0,0,0,0,0,0,1,1,1,0.0,0.0,0.0,0.0,1.0,0.0,0.0,255,128,0.5,0.03,0.0,0.0,0.0,0.0,0.0,0.0,guess_passwd,9,0
2,0,tcp,telnet,SF,119,174,0,0,0,0,1,0,0,0,0,0,0,0,0,0,0,0,1,1,0.0,0.0,0.0,0.0,1.0,0.0,0.0,255,7,0.03,0.02,0.0,0.0,0.0,0.0,0.0,0.14,guess_passwd,7,0
2,0,tcp,telnet,SF,120,174,0,0,0,0,1,0,0,0,0,0,0,0,0,0,0,0,2,2,0.0,0.0,0.0,0.0,1.0,0.0,0.0,255,229,0.9,0.02,0.0,0.0,0.0,0.0,0.02,0.03,guess_passwd,15,0
2,0,tcp,ftp,SF,26,157,0,0,0,0,1,0,0,0,0,0,0,0,0,0,0,1,1,1,0.0,0.0,0.0,0.0,1.0,0.0,0.0,218,107,0.49,0.03,0.0,0.0,0.0,0.0,0.0,0.0,guess_passwd,7,0
2,0,tcp,telnet,SF,121,174,0,0,0,0,1,0,0,0,0,0,0,0,0,0,0,0,1,1,0.0,0.0,0.0,0.0,1.0,0.0,0.0,255,120,0.47,0.02,0.0,0.0,0.0,0.0,0.01,0.03,guess_passwd,12,0
2,0,tcp,telnet,SF,121,174,0,0,0,0,1,0,0,0,0,0,0,0,0,0,0,0,1,1,0.0,0.0,0.0,0.0,1.0,0.0,0.0,255,112,0.44,0.02,0.0,0.0,0.0,0.0,0.01,0.03,guess_passwd,11,0
2,0,tcp,ftp,SF,26,157,0,0,0,0,1,0,0,0,0,0,0,0,0,0,0,1,1,1,0.0,0.0,0.0,0.0,1.0,0.0,0.0,179,85,0.47,0.03,0.01,0.0,0.0,0.0,0.0,0.0,guess_passwd,7,0
2,0,tcp,telnet,SF,122,174,0,0,0,0,1,0,0,0,0,0,0,0,0,0,0,0,1,1,0.0,0.0,0.0,0.0,1.0,0.0,0.0,255,182,0.71,0.02,0.0,0.0,0.0,0.0,0.02,0.03,guess_passwd,15,0
2,0,tcp,telnet,SF,123,174,0,0,0,0,1,0,0,0,0,0,0,0,0,0,0,0,2,2,0.0,0.0,0.0,0.0,1.0,0.0,0.0,255,255,1.0,0.0,0.0,0.0,0.01,0.01,0.02,0.02,guess_passwd,16,0
2,0,tcp,telnet,SF,119,188,0,0,0,0,1,0,0,0,0,0,0,0,0,0,0,0,2,2,0.0,0.0,0.0,0.0,1.0,0.0,0.0,255,33,0.13,0.02,0.0,0.0,0.0,0.0,0.0,0.03,guess_passwd,10,0
2,0,tcp,telnet,SF,123,174,0,0,0,0,1,0,0,0,0,0,0,0,0,0,0,0,2,2,0.0,0.0,0.0,0.0,1.0,0.0,0.0,255,49,0.19,0.02,0.0,0.0,0.0,0.0,0.01,0.04,guess_passwd,11,0
2,0,tcp,ftp,SF,26,157,0,0,0,0,1,0,0,0,0,0,0,0,0,0,0,1,1,1,0.0,0.0,0.0,0.0,1.0,0.0,0.0,255,129,0.51,0.03,0.0,0.0,0.0,0.0,0.0,0.0,guess_passwd,9,0
2,0,tcp,telnet,SF,122,174,0,0,0,0,1,0,0,0,0,0,0,0,0,0,0,0,1,1,0.0,0.0,0.0,0.0,1.0,0.0,0.0,255,25,0.1,0.02,0.0,0.0,0.0,0.0,0.0,0.04,guess_passwd,9,0
2,0,tcp,telnet,SF,120,174,0,0,0,0,1,0,0,0,0,0,0,0,0,0,0,0,1,1,0.0,0.0,0.0,0.0,1.0,0.0,0.0,255,115,0.45,0.02,0.0,0.0,0.0,0.0,0.01,0.03,guess_passwd,11,0
2,0,tcp,telnet,SF,124,174,0,0,0,0,1,0,0,0,0,0,0,0,0,0,0,0,1,1,0.0,0.0,0.0,0.0,1.0,0.0,0.0,255,2,0.01,0.02,0.0,0.0,0.0,0.0,0.0,0.0,guess_passwd,6,0
2,0,tcp,ftp,SF,26,157,0,0,0,0,1,0,0,0,0,0,0,0,0,0,0,1,1,1,0.0,0.0,0.0,0.0,1.0,0.0,0.0,131,61,0.47,0.03,0.01,0.0,0.0,0.0,0.0,0.0,guess_passwd,7,0
2,0,tcp,telnet,SF,125,174,0,0,0,0,1,0,0,0,0,0,0,0,0,0,0,0,1,1,0.0,0.0,0.0,0.0,1.0,0.0,0.0,255,12,0.05,0.02,0.0,0.0,0.0,0.0,0.0,0.08,guess_passwd,8,0
2,0,tcp,telnet,SF,123,174,0,0,0,0,1,0,0,0,0,0,0,0,0,0,0,0,2,2,0.0,0.0,0.0,0.0,1.0,0.0,0.0,255,254,1.0,0.01,0.0,0.0,0.01,0.01,0.01,0.01,guess_passwd,13,0
2,0,tcp,telnet,SF,124,174,0,0,0,0,1,0,0,0,0,0,0,0,0,0,0,0,1,1,0.0,0.0,0.0,0.0,1.0,0.0,0.0,255,169,0.66,0.02,0.0,0.0,0.0,0.0,0.02,0.03,guess_passwd,15,0
2,0,tcp,telnet,SF,121,174,0,0,0,0,1,0,0,0,0,0,0,0,0,0,0,0,1,1,0.0,0.0,0.0,0.0,1.0,0.0,0.0,255,51,0.2,0.02,0.0,0.0,0.0,0.0,0.01,0.04,guess_passwd,11,0
2,0,tcp,telnet,SF,126,174,0,0,0,0,1,0,0,0,0,0,0,0,0,0,0,0,1,1,0.0,0.0,0.0,0.0,1.0,0.0,0.0,255,216,0.85,0.02,0.0,0.0,0.0,0.0,0.02,0.03,guess_passwd,15,0
2,0,tcp,telnet,SF,123,174,0,0,0,0,1,0,0,0,0,0,0,0,0,0,0,0,1,1,0.0,0.0,0.0,0.0,1.0,0.0,0.0,255,211,0.83,0.02,0.0,0.0,0.0,0.0,0.02,0.03,guess_passwd,15,0
2,0,tcp,telnet,SF,122,174,0,0,0,0,1,0,0,0,0,0,0,0,0,0,0,0,1,1,0.0,0.0,0.0,0.0,1.0,0.0,0.0,255,179,0.7,0.02,0.0,0.0,0.0,0.0,0.02,0.03,guess_passwd,15,0
2,0,tcp,telnet,SF,119,174,0,0,0,0,1,0,0,0,0,0,0,0,0,0,0,0,3,3,0.0,0.0,0.0,0.0,1.0,0.0,0.0,255,69,0.27,0.02,0.0,0.0,0.0,0.0,0.01,0.04,guess_passwd,10,0
2,0,tcp,telnet,SF,123,174,0,0,0,0,1,0,0,0,0,0,0,0,0,0,0,0,1,1,0.0,0.0,0.0,0.0,1.0,0.0,0.0,255,254,1.0,0.01,0.0,0.0,0.02,0.02,0.02,0.02,guess_passwd,16,0
2,0,tcp,telnet,SF,122,174,0,0,0,0,1,0,0,0,0,0,0,0,0,0,0,0,1,1,0.0,0.0,0.0,0.0,1.0,0.0,0.0,255,151,0.59,0.02,0.0,0.0,0.0,0.0,0.02,0.03,guess_passwd,15,0
2,0,tcp,telnet,SF,120,174,0,0,0,0,1,0,0,0,0,0,0,0,0,0,0,0,1,1,0.0,0.0,0.0,0.0,1.0,0.0,0.0,255,1,0.0,0.02,0.0,0.0,0.0,0.0,0.0,0.0,guess_passwd,6,0
2,0,tcp,ftp,SF,26,157,0,0,0,0,1,0,0,0,0,0,0,0,0,0,0,1,1,1,0.0,0.0,0.0,0.0,1.0,0.0,0.0,79,45,0.57,0.05,0.01,0.0,0.0,0.0,0.0,0.0,guess_passwd,7,0
2,0,tcp,telnet,RSTO,125,188,0,0,0,0,1,0,0,0,0,0,0,0,0,0,0,0,1,1,0.0,0.0,1.0,1.0,1.0,0.0,0.0,255,57,0.22,0.02,0.0,0.0,0.0,0.0,0.01,0.05,guess_passwd,14,0
2,0,tcp,telnet,SF,125,174,0,0,0,0,1,0,0,0,0,0,0,0,0,0,0,0,1,1,0.0,0.0,0.0,0.0,1.0,0.0,0.0,255,139,0.55,0.02,0.0,0.0,0.0,0.0,0.02,0.03,guess_passwd,15,0
2,0,tcp,ftp,SF,26,157,0,0,0,0,1,0,0,0,0,0,0,0,0,0,0,1,1,1,0.0,0.0,0.0,0.0,1.0,0.0,0.0,158,74,0.47,0.03,0.01,0.0,0.0,0.0,0.0,0.0,guess_passwd,7,0
2,0,tcp,ftp,SF,26,157,0,0,0,0,1,0,0,0,0,0,0,0,0,0,0,1,1,1,0.0,0.0,0.0,0.0,1.0,0.0,0.0,200,97,0.49,0.03,0.0,0.0,0.0,0.0,0.0,0.0,guess_passwd,7,0
2,0,tcp,telnet,SF,125,174,0,0,0,0,1,0,0,0,0,0,0,0,0,0,0,0,1,1,0.0,0.0,0.0,0.0,1.0,0.0,0.0,255,255,1.0,0.0,0.0,0.0,0.01,0.01,0.02,0.02,guess_passwd,17,0
2,0,tcp,telnet,SF,124,174,0,0,0,0,1,0,0,0,0,0,0,0,0,0,0,0,1,1,0.0,0.0,0.0,0.0,1.0,0.0,0.0,255,29,0.11,0.02,0.0,0.0,0.0,0.0,0.0,0.03,guess_passwd,10,0
2,0,tcp,telnet,SF,124,174,0,0,0,0,1,0,0,0,0,0,0,0,0,0,0,0,1,1,0.0,0.0,0.0,0.0,1.0,0.0,0.0,255,254,1.0,0.01,0.0,0.0,0.02,0.02,0.01,0.01,guess_passwd,14,0
2,0,tcp,ftp,SF,26,157,0,0,0,0,1,0,0,0,0,0,0,0,0,0,0,1,1,1,0.0,0.0,0.0,0.0,1.0,0.0,0.0,186,87,0.47,0.03,0.01,0.0,0.0,0.0,0.0,0.0,guess_passwd,7,0
2,0,tcp,ftp,SF,26,157,0,0,0,0,1,0,0,0,0,0,0,0,0,0,0,1,1,1,0.0,0.0,0.0,0.0,1.0,0.0,0.0,224,112,0.5,0.03,0.0,0.0,0.0,0.0,0.0,0.0,guess_passwd,7,0
2,0,tcp,telnet,SF,128,174,0,0,0,0,1,0,0,0,0,0,0,0,0,0,0,0,1,1,0.0,0.0,0.0,0.0,1.0,0.0,0.0,255,231,0.91,0.02,0.0,0.0,0.0,0.0,0.02,0.03,guess_passwd,14,0
2,0,tcp,telnet,SF,124,188,0,0,0,0,1,0,0,0,0,0,0,0,0,0,0,0,2,2,0.0,0.0,0.0,0.0,1.0,0.0,0.0,255,254,1.0,0.01,0.0,0.0,0.01,0.01,0.02,0.02,guess_passwd,16,0
2,0,tcp,telnet,SF,126,174,0,0,0,0,1,0,0,0,0,0,0,0,0,0,0,0,1,1,0.0,0.0,0.0,0.0,1.0,0.0,0.0,255,82,0.32,0.02,0.0,0.0,0.0,0.0,0.01,0.04,guess_passwd,11,0
2,0,tcp,telnet,SF,125,174,0,0,0,0,1,0,0,0,0,0,0,0,0,0,0,0,2,2,0.0,0.0,0.0,0.0,1.0,0.0,0.0,255,89,0.35,0.02,0.0,0.0,0.0,0.0,0.01,0.03,guess_passwd,11,0
2,0,tcp,telnet,SF,127,188,0,0,0,0,1,0,0,0,0,0,0,0,0,0,0,0,1,1,0.0,0.0,0.0,0.0,1.0,0.0,0.0,255,255,1.0,0.0,0.0,0.0,0.0,0.0,0.02,0.02,guess_passwd,15,0
2,0,tcp,telnet,SF,119,174,0,0,0,0,1,0,0,0,0,0,0,0,0,0,0,0,1,1,0.0,0.0,0.0,0.0,1.0,0.0,0.0,255,212,0.83,0.02,0.0,0.0,0.0,0.0,0.02,0.03,guess_passwd,15,0
2,0,tcp,ftp,SF,26,157,0,0,0,0,1,0,0,0,0,0,0,0,0,0,0,1,1,1,0.0,0.0,0.0,0.0,1.0,0.0,0.0,136,64,0.47,0.03,0.01,0.0,0.0,0.0,0.0,0.0,guess_passwd,7,0
2,0,tcp,telnet,SF,123,174,0,0,0,0,1,0,0,0,0,0,0,0,0,0,0,0,1,1,0.0,0.0,0.0,0.0,1.0,0.0,0.0,255,159,0.62,0.02,0.0,0.0,0.0,0.0,0.02,0.03,guess_passwd,15,0
2,0,tcp,telnet,SF,118,174,0,0,0,0,1,0,0,0,0,0,0,0,0,0,0,0,1,1,0.0,0.0,0.0,0.0,1.0,0.0,0.0,255,254,1.0,0.01,0.0,0.0,0.01,0.01,0.02,0.02,guess_passwd,15,0
2,0,tcp,ftp,SF,26,157,0,0,0,0,1,0,0,0,0,0,0,0,0,0,0,1,1,1,0.0,0.0,0.0,0.0,1.0,0.0,0.0,74,42,0.57,0.05,0.01,0.0,0.0,0.0,0.0,0.0,guess_passwd,7,0
2,0,tcp,ftp,SF,26,157,0,0,0,0,1,0,0,0,0,0,0,0,0,0,0,1,1,1,0.0,0.0,0.0,0.0,1.0,0.0,0.0,211,102,0.48,0.03,0.0,0.0,0.0,0.0,0.0,0.0,guess_passwd,7,0
2,0,tcp,telnet,SF,122,174,0,0,0,0,1,0,0,0,0,0,0,0,0,0,0,0,1,1,0.0,0.0,0.0,0.0,1.0,0.0,0.0,255,255,1.0,0.0,0.0,0.0,0.0,0.0,0.02,0.02,guess_passwd,16,0
2,0,tcp,telnet,SF,125,174,0,0,0,0,1,0,0,0,0,0,0,0,0,0,0,0,1,1,0.0,0.0,0.0,0.0,1.0,0.0,0.0,255,31,0.12,0.02,0.0,0.0,0.0,0.0,0.0,0.03,guess_passwd,10,0
2,0,tcp,ftp,SF,26,157,0,0,0,0,1,0,0,0,0,0,0,0,0,0,0,1,1,1,0.0,0.0,0.0,0.0,1.0,0.0,0.0,99,53,0.54,0.04,0.01,0.0,0.0,0.0,0.0,0.0,guess_passwd,7,0
2,0,tcp,telnet,SF,122,174,0,0,0,0,1,0,0,0,0,0,0,0,0,0,0,0,1,1,0.0,0.0,0.0,0.0,1.0,0.0,0.0,255,188,0.74,0.02,0.0,0.0,0.0,0.0,0.02,0.03,guess_passwd,15,0
2,0,tcp,telnet,SF,133,174,0,0,0,0,1,0,0,0,0,0,0,0,0,0,0,0,1,1,0.0,0.0,0.0,0.0,1.0,0.0,0.0,255,76,0.3,0.02,0.0,0.0,0.0,0.0,0.01,0.04,guess_passwd,10,0
2,0,tcp,telnet,SF,122,174,0,0,0,0,1,0,0,0,0,0,0,0,0,0,0,0,1,1,0.0,0.0,0.0,0.0,1.0,0.0,0.0,255,187,0.73,0.02,0.0,0.0,0.0,0.0,0.02,0.03,guess_passwd,15,0
2,0,tcp,telnet,SF,121,174,0,0,0,0,1,0,0,0,0,0,0,0,0,0,0,0,2,2,0.0,0.0,0.0,0.0,1.0,0.0,0.0,255,54,0.21,0.02,0.0,0.0,0.0,0.0,0.01,0.04,guess_passwd,11,0
2,0,tcp,telnet,SF,120,174,0,0,0,0,1,0,0,0,0,0,0,0,0,0,0,0,2,2,0.0,0.0,0.0,0.0,1.0,0.0,0.0,255,224,0.88,0.02,0.0,0.0,0.0,0.0,0.02,0.03,guess_passwd,15,0
2,0,tcp,telnet,SF,121,174,0,0,0,0,1,0,0,0,0,0,0,0,0,0,0,0,1,1,0.0,0.0,0.0,0.0,1.0,0.0,0.0,255,86,0.34,0.02,0.0,0.0,0.0,0.0,0.01,0.03,guess_passwd,11,0
2,0,tcp,telnet,SF,125,188,0,0,0,0,1,0,0,0,0,0,0,0,0,0,0,0,2,2,0.0,0.0,0.0,0.0,1.0,0.0,0.0,255,129,0.51,0.02,0.0,0.0,0.0,0.0,0.02,0.03,guess_passwd,15,0
2,0,tcp,ftp,SF,25,157,0,0,0,0,1,0,0,0,0,0,0,0,0,0,0,1,1,1,0.0,0.0,0.0,0.0,1.0,0.0,0.0,31,11,0.35,0.13,0.03,0.0,0.0,0.0,0.0,0.0,guess_passwd,7,0
2,0,tcp,telnet,SF,126,174,0,0,0,0,1,0,0,0,0,0,0,0,0,0,0,0,2,2,0.0,0.0,0.0,0.0,1.0,0.0,0.0,255,18,0.07,0.02,0.0,0.0,0.0,0.0,0.0,0.06,guess_passwd,9,0
2,0,tcp,telnet,SF,125,174,0,0,0,0,1,0,0,0,0,0,0,0,0,0,0,0,1,1,0.0,0.0,0.0,0.0,1.0,0.0,0.0,255,109,0.43,0.02,0.0,0.0,0.0,0.0,0.01,0.03,guess_passwd,10,0
2,0,tcp,telnet,SF,124,174,0,0,0,0,1,0,0,0,0,0,0,0,0,0,0,0,2,2,0.0,0.0,0.0,0.0,1.0,0.0,0.0,255,255,1.0,0.0,0.0,0.0,0.01,0.01,0.02,0.02,guess_passwd,16,0
2,0,tcp,telnet,SF,126,174,0,0,0,0,1,0,0,0,0,0,0,0,0,0,0,0,1,1,0.0,0.0,0.0,0.0,1.0,0.0,0.0,255,206,0.81,0.02,0.0,0.0,0.0,0.0,0.02,0.03,guess_passwd,15,0
2,0,tcp,telnet,SF,123,174,0,0,0,0,1,0,0,0,0,0,0,0,0,0,0,0,2,2,0.0,0.0,0.0,0.0,1.0,0.0,0.0,255,80,0.31,0.02,0.0,0.0,0.0,0.0,0.01,0.04,guess_passwd,11,0
2,0,tcp,telnet,SF,122,174,0,0,0,0,1,0,0,0,0,0,0,0,0,0,0,0,1,1,0.0,0.0,0.0,0.0,1.0,0.0,0.0,255,14,0.05,0.02,0.0,0.0,0.0,0.0,0.0,0.07,guess_passwd,8,0
2,0,tcp,telnet,SF,122,174,0,0,0,0,1,0,0,0,0,0,0,0,0,0,0,0,2,2,0.0,0.0,0.0,0.0,1.0,0.0,0.0,255,218,0.85,0.02,0.0,0.0,0.0,0.0,0.02,0.03,guess_passwd,15,0
2,0,tcp,telnet,SF,124,188,0,0,0,0,1,0,0,0,0,0,0,0,0,0,0,0,2,2,0.0,0.0,0.0,0.0,1.0,0.0,0.0,255,254,1.0,0.01,0.0,0.0,0.0,0.0,0.02,0.02,guess_passwd,16,0
2,0,tcp,telnet,SF,127,174,0,0,0,0,1,0,0,0,0,0,0,0,0,0,0,0,1,1,0.0,0.0,0.0,0.0,1.0,0.0,0.0,255,150,0.59,0.02,0.0,0.0,0.0,0.0,0.02,0.03,guess_passwd,15,0
2,0,tcp,telnet,SF,123,174,0,0,0,0,1,0,0,0,0,0,0,0,0,0,0,0,1,1,0.0,0.0,0.0,0.0,1.0,0.0,0.0,255,19,0.07,0.02,0.0,0.0,0.0,0.0,0.0,0.05,guess_passwd,8,0
2,0,tcp,telnet,SF,125,174,0,0,0,0,1,0,0,0,0,0,0,0,0,0,0,0,2,2,0.0,0.0,0.0,0.0,1.0,0.0,0.0,255,254,1.0,0.01,0.0,0.0,0.01,0.01,0.02,0.02,guess_passwd,17,0
2,0,tcp,telnet,SF,125,174,0,0,0,0,1,0,0,0,0,0,0,0,0,0,0,0,1,1,0.0,0.0,0.0,0.0,1.0,0.0,0.0,255,133,0.52,0.02,0.0,0.0,0.0,0.0,0.02,0.03,guess_passwd,14,0
2,0,tcp,telnet,SF,122,174,0,0,0,0,1,0,0,0,0,0,0,0,0,0,0,0,1,1,0.0,0.0,0.0,0.0,1.0,0.0,0.0,255,176,0.69,0.02,0.0,0.0,0.0,0.0,0.02,0.03,guess_passwd,15,0
2,0,tcp,ftp,SF,26,157,0,0,0,0,1,0,0,0,0,0,0,0,0,0,0,1,1,1,0.0,0.0,0.0,0.0,1.0,0.0,0.0,245,124,0.51,0.02,0.0,0.0,0.0,0.0,0.0,0.0,guess_passwd,8,0
2,0,tcp,telnet,SF,129,174,0,0,0,0,1,0,0,0,0,0,0,0,0,0,0,0,1,1,0.0,0.0,0.0,0.0,1.0,0.0,0.0,255,254,1.0,0.01,0.0,0.0,0.02,0.02,0.02,0.02,guess_passwd,15,0
2,0,tcp,telnet,SF,125,174,0,0,0,0,1,0,0,0,0,0,0,0,0,0,0,0,1,1,0.0,0.0,0.0,0.0,1.0,0.0,0.0,255,255,1.0,0.0,0.0,0.0,0.0,0.0,0.02,0.02,guess_passwd,17,0
2,0,tcp,telnet,SF,125,174,0,0,0,0,1,0,0,0,0,0,0,0,0,0,0,0,1,1,0.0,0.0,0.0,0.0,1.0,0.0,0.0,255,174,0.68,0.02,0.0,0.0,0.0,0.0,0.02,0.03,guess_passwd,15,0
2,0,tcp,telnet,SF,122,174,0,0,0,0,1,0,0,0,0,0,0,0,0,0,0,0,1,1,0.0,0.0,0.0,0.0,1.0,0.0,0.0,255,118,0.46,0.02,0.0,0.0,0.0,0.0,0.01,0.03,guess_passwd,11,0
2,0,tcp,telnet,SF,127,174,0,0,0,0,1,0,0,0,0,0,0,0,0,0,0,0,1,1,0.0,0.0,0.0,0.0,1.0,0.0,0.0,255,254,1.0,0.01,0.0,0.0,0.02,0.02,0.02,0.02,guess_passwd,17,0
2,0,tcp,telnet,SF,118,174,0,0,0,0,1,0,0,0,0,0,0,0,0,0,0,0,1,1,0.0,0.0,0.0,0.0,1.0,0.0,0.0,255,255,1.0,0.0,0.0,0.0,0.0,0.0,0.02,0.02,guess_passwd,15,0
2,0,tcp,telnet,SF,124,174,0,0,0,0,1,0,0,0,0,0,0,0,0,0,0,0,2,2,0.0,0.0,0.0,0.0,1.0,0.0,0.0,255,134,0.53,0.02,0.0,0.0,0.0,0.0,0.02,0.03,guess_passwd,15,0
2,0,tcp,telnet,SF,121,174,0,0,0,0,1,0,0,0,0,0,0,0,0,0,0,0,1,1,0.0,0.0,0.0,0.0,1.0,0.0,0.0,255,39,0.15,0.02,0.0,0.0,0.0,0.0,0.01,0.05,guess_passwd,11,0
2,0,tcp,ftp,SF,26,157,0,0,0,0,1,0,0,0,0,0,0,0,0,0,0,1,1,1,0.0,0.0,0.0,0.0,1.0,0.0,0.0,165,79,0.48,0.02,0.01,0.0,0.0,0.0,0.0,0.0,guess_passwd,7,0
2,0,tcp,telnet,SF,128,174,0,0,0,0,1,0,0,0,0,0,0,0,0,0,0,0,1,1,0.0,0.0,0.0,0.0,1.0,0.0,0.0,255,9,0.04,0.02,0.0,0.0,0.0,0.0,0.0,0.11,guess_passwd,7,0
2,0,tcp,telnet,SF,125,174,0,0,0,0,1,0,0,0,0,0,0,0,0,0,0,0,2,2,0.0,0.0,0.0,0.0,1.0,0.0,0.0,255,255,1.0,0.0,0.0,0.0,0.0,0.0,0.02,0.02,guess_passwd,17,0
2,0,tcp,telnet,SF,126,174,0,0,0,0,1,0,0,0,0,0,0,0,0,0,0,0,1,1,0.0,0.0,0.0,0.0,1.0,0.0,0.0,255,161,0.63,0.02,0.0,0.0,0.0,0.0,0.02,0.02,guess_passwd,15,0
2,0,tcp,ftp,SF,26,157,0,0,0,0,1,0,0,0,0,0,0,0,0,0,0,1,1,1,0.0,0.0,0.0,0.0,1.0,0.0,0.0,197,95,0.48,0.03,0.01,0.0,0.0,0.0,0.0,0.0,guess_passwd,7,0
2,0,tcp,telnet,SF,123,174,0,0,0,0,1,0,0,0,0,0,0,0,0,0,0,0,1,1,0.0,0.0,0.0,0.0,1.0,0.0,0.0,255,254,1.0,0.01,0.0,0.0,0.02,0.02,0.01,0.01,guess_passwd,13,0
2,0,tcp,telnet,SF,120,174,0,0,0,0,1,0,0,0,0,0,0,0,0,0,0,0,1,1,0.0,0.0,0.0,0.0,1.0,0.0,0.0,255,252,0.99,0.01,0.0,0.0,0.0,0.0,0.02,0.02,guess_passwd,15,0
2,0,tcp,telnet,SF,120,174,0,0,0,0,1,0,0,0,0,0,0,0,0,0,0,0,1,1,0.0,0.0,0.0,0.0,1.0,0.0,0.0,255,255,1.0,0.0,0.0,0.0,0.01,0.01,0.02,0.02,guess_passwd,15,0
2,0,tcp,telnet,SF,128,174,0,0,0,0,1,0,0,0,0,0,0,0,0,0,0,0,1,1,0.0,0.0,0.0,0.0,1.0,0.0,0.0,255,170,0.67,0.02,0.0,0.0,0.0,0.0,0.02,0.03,guess_passwd,14,0
2,0,tcp,telnet,SF,124,174,0,0,0,0,1,0,0,0,0,0,0,0,0,0,0,0,1,1,0.0,0.0,0.0,0.0,1.0,0.0,0.0,255,92,0.36,0.02,0.0,0.0,0.0,0.0,0.01,0.03,guess_passwd,11,0
2,0,tcp,telnet,SF,118,174,0,0,0,0,1,0,0,0,0,0,0,0,0,0,0,0,1,1,0.0,0.0,0.0,0.0,1.0,0.0,0.0,255,96,0.38,0.02,0.0,0.0,0.0,0.0,0.01,0.03,guess_passwd,10,0
2,0,tcp,telnet,SF,123,174,0,0,0,0,1,0,0,0,0,0,0,0,0,0,0,0,1,1,0.0,0.0,0.0,0.0,1.0,0.0,0.0,255,123,0.48,0.02,0.0,0.0,0.0,0.0,0.01,0.02,guess_passwd,11,0
2,0,tcp,telnet,SF,120,174,0,0,0,0,1,0,0,0,0,0,0,0,0,0,0,0,2,2,0.0,0.0,0.0,0.0,1.0,0.0,0.0,255,254,1.0,0.01,0.0,0.0,0.01,0.01,0.02,0.02,guess_passwd,15,0
2,0,tcp,telnet,SF,127,174,0,0,0,0,1,0,0,0,0,0,0,0,0,0,0,0,1,1,0.0,0.0,0.0,0.0,1.0,0.0,0.0,255,8,0.03,0.02,0.0,0.0,0.0,0.0,0.0,0.12,guess_passwd,8,0
2,0,tcp,telnet,SF,125,174,0,0,0,0,1,0,0,0,0,0,0,0,0,0,0,0,1,1,0.0,0.0,0.0,0.0,1.0,0.0,0.0,255,43,0.17,0.02,0.0,0.0,0.0,0.0,0.01,0.05,guess_passwd,11,0
2,0,tcp,ftp,SF,26,157,0,0,0,0,1,0,0,0,0,0,0,0,0,0,0,1,1,1,0.0,0.0,0.0,0.0,1.0,0.0,0.0,92,49,0.53,0.04,0.01,0.0,0.0,0.0,0.0,0.0,guess_passwd,7,0
2,0,tcp,telnet,SF,124,174,0,0,0,0,1,0,0,0,0,0,0,0,0,0,0,0,2,2,0.0,0.0,0.0,0.0,1.0,0.0,0.0,255,34,0.13,0.02,0.0,0.0,0.0,0.0,0.0,0.03,guess_passwd,10,0
2,0,tcp,telnet,SF,122,174,0,0,0,0,1,0,0,0,0,0,0,0,0,0,0,0,2,2,0.0,0.0,0.0,0.0,1.0,0.0,0.0,255,42,0.16,0.02,0.0,0.0,0.0,0.0,0.01,0.05,guess_passwd,11,0
2,0,tcp,telnet,SF,126,174,0,0,0,0,1,0,0,0,0,0,0,0,0,0,0,0,1,1,0.0,0.0,0.0,0.0,1.0,0.0,0.0,255,251,0.98,0.01,0.0,0.0,0.0,0.0,0.02,0.02,guess_passwd,17,0
2,0,tcp,ftp,SF,26,157,0,0,0,0,1,0,0,0,0,0,0,0,0,0,0,1,1,1,0.0,0.0,0.0,0.0,1.0,0.0,0.0,162,77,0.48,0.02,0.01,0.0,0.0,0.0,0.0,0.0,guess_passwd,7,0
2,0,tcp,telnet,SF,127,174,0,0,0,0,1,0,0,0,0,0,0,0,0,0,0,0,1,1,0.0,0.0,0.0,0.0,1.0,0.0,0.0,255,248,0.97,0.01,0.0,0.0,0.0,0.0,0.02,0.02,guess_passwd,16,0
2,0,tcp,ftp,SF,26,157,0,0,0,0,1,0,0,0,0,0,0,0,0,0,0,1,1,1,0.0,0.0,0.0,0.0,1.0,0.0,0.0,125,58,0.46,0.03,0.01,0.0,0.0,0.0,0.0,0.0,guess_passwd,7,0
2,0,tcp,telnet,SF,119,174,0,0,0,0,1,0,0,0,0,0,0,0,0,0,0,0,1,1,0.0,0.0,0.0,0.0,1.0,0.0,0.0,255,55,0.22,0.02,0.0,0.0,0.0,0.0,0.01,0.04,guess_passwd,11,0
2,0,tcp,telnet,SF,125,174,0,0,0,0,1,0,0,0,0,0,0,0,0,0,0,0,1,1,0.0,0.0,0.0,0.0,1.0,0.0,0.0,255,4,0.02,0.02,0.0,0.0,0.0,0.0,0.0,0.25,guess_passwd,7,0
2,0,tcp,telnet,SF,124,174,0,0,0,0,1,0,0,0,0,0,0,0,0,0,0,0,2,2,0.0,0.0,0.0,0.0,1.0,0.0,0.0,255,248,0.97,0.01,0.0,0.0,0.0,0.0,0.02,0.02,guess_passwd,16,0
2,0,tcp,telnet,SF,122,188,0,0,0,0,1,0,0,0,0,0,0,0,0,0,0,0,1,1,0.0,0.0,0.0,0.0,1.0,0.0,0.0,255,254,1.0,0.01,0.0,0.0,0.02,0.02,0.01,0.01,guess_passwd,12,0
2,0,tcp,telnet,SF,124,174,0,0,0,0,1,0,0,0,0,0,0,0,0,0,0,0,1,1,0.0,0.0,0.0,0.0,1.0,0.0,0.0,255,255,1.0,0.0,0.0,0.0,0.01,0.01,0.02,0.02,guess_passwd,17,0
2,0,tcp,telnet,SF,124,174,0,0,0,0,1,0,0,0,0,0,0,0,0,0,0,0,1,1,0.0,0.0,0.0,0.0,1.0,0.0,0.0,255,24,0.09,0.02,0.0,0.0,0.0,0.0,0.0,0.04,guess_passwd,9,0
2,0,tcp,telnet,SF,124,174,0,0,0,0,1,0,0,0,0,0,0,0,0,0,0,0,1,1,0.0,0.0,0.0,0.0,1.0,0.0,0.0,255,242,0.95,0.01,0.0,0.0,0.0,0.0,0.02,0.02,guess_passwd,15,0
2,0,tcp,ftp,SF,26,157,0,0,0,0,1,0,0,0,0,0,0,0,0,0,0,1,1,1,0.0,0.0,0.0,0.0,1.0,0.0,0.0,69,39,0.57,0.06,0.01,0.0,0.0,0.0,0.0,0.0,guess_passwd,7,0
2,0,tcp,ftp,SF,26,157,0,0,0,0,1,0,0,0,0,0,0,0,0,0,0,1,2,2,0.0,0.0,0.0,0.0,1.0,0.0,0.0,208,100,0.48,0.03,0.0,0.0,0.0,0.0,0.0,0.0,guess_passwd,7,0
2,0,tcp,telnet,SF,126,174,0,0,0,0,1,0,0,0,0,0,0,0,0,0,0,0,1,1,0.0,0.0,0.0,0.0,1.0,0.0,0.0,255,226,0.89,0.02,0.0,0.0,0.0,0.0,0.02,0.03,guess_passwd,15,0
2,0,tcp,telnet,SF,122,174,0,0,0,0,1,0,0,0,0,0,0,0,0,0,0,0,1,1,0.0,0.0,0.0,0.0,1.0,0.0,0.0,255,84,0.33,0.02,0.0,0.0,0.0,0.0,0.01,0.04,guess_passwd,11,0
2,0,tcp,telnet,SF,125,174,0,0,0,0,1,0,0,0,0,0,0,0,0,0,0,0,1,1,0.0,0.0,0.0,0.0,1.0,0.0,0.0,255,47,0.18,0.02,0.0,0.0,0.0,0.0,0.01,0.04,guess_passwd,11,0
2,0,tcp,ftp,SF,26,157,0,0,0,0,1,0,0,0,0,0,0,0,0,0,0,1,1,1,0.0,0.0,0.0,0.0,1.0,0.0,0.0,176,83,0.47,0.03,0.01,0.0,0.0,0.0,0.0,0.0,guess_passwd,7,0
2,0,tcp,telnet,SF,125,174,0,0,0,0,1,0,0,0,0,0,0,0,0,0,0,0,2,2,0.0,0.0,0.0,0.0,1.0,0.0,0.0,255,255,1.0,0.0,0.0,0.0,0.01,0.01,0.02,0.02,guess_passwd,17,0
2,0,tcp,telnet,SF,122,174,0,0,0,0,1,0,0,0,0,0,0,0,0,0,0,0,1,1,0.0,0.0,0.0,0.0,1.0,0.0,0.0,255,172,0.67,0.02,0.0,0.0,0.0,0.0,0.02,0.03,guess_passwd,15,0
2,0,tcp,telnet,SF,126,174,0,0,0,0,1,0,0,0,0,0,0,0,0,0,0,0,1,1,0.0,0.0,0.0,0.0,1.0,0.0,0.0,255,254,1.0,0.01,0.0,0.0,0.01,0.01,0.02,0.02,guess_passwd,17,0
2,0,tcp,telnet,SF,125,174,0,0,0,0,1,0,0,0,0,0,0,0,0,0,0,0,1,1,0.0,0.0,0.0,0.0,1.0,0.0,0.0,255,94,0.37,0.02,0.0,0.0,0.0,0.0,0.01,0.03,guess_passwd,10,0
2,0,tcp,telnet,SF,125,174,0,0,0,0,1,0,0,0,0,0,0,0,0,0,0,0,2,2,0.0,0.0,0.0,0.0,1.0,0.0,0.0,255,250,0.98,0.01,0.0,0.0,0.0,0.0,0.02,0.02,guess_passwd,16,0
2,0,tcp,telnet,SF,123,174,0,0,0,0,1,0,0,0,0,0,0,0,0,0,0,0,1,1,0.0,0.0,0.0,0.0,1.0,0.0,0.0,255,97,0.38,0.02,0.0,0.0,0.0,0.0,0.01,0.03,guess_passwd,10,0
2,0,tcp,telnet,SF,123,174,0,0,0,0,1,0,0,0,0,0,0,0,0,0,0,0,1,1,0.0,0.0,0.0,0.0,1.0,0.0,0.0,255,140,0.55,0.02,0.0,0.0,0.0,0.0,0.02,0.03,guess_passwd,15,0
2,0,tcp,ftp,SF,25,157,0,0,0,0,1,0,0,0,0,0,0,0,0,0,0,1,1,1,0.0,0.0,0.0,0.0,1.0,0.0,0.0,35,14,0.4,0.11,0.03,0.0,0.0,0.0,0.0,0.0,guess_passwd,7,0
2,0,tcp,telnet,SF,120,174,0,0,0,0,1,0,0,0,0,0,0,0,0,0,0,0,1,1,0.0,0.0,0.0,0.0,1.0,0.0,0.0,255,254,1.0,0.01,0.0,0.0,0.02,0.02,0.01,0.01,guess_passwd,12,0
2,0,tcp,telnet,SF,123,174,0,0,0,0,1,0,0,0,0,0,0,0,0,0,0,0,1,1,0.0,0.0,0.0,0.0,1.0,0.0,0.0,255,210,0.82,0.02,0.0,0.0,0.0,0.0,0.02,0.03,guess_passwd,15,0
2,0,tcp,ftp,SF,26,157,0,0,0,0,1,0,0,0,0,0,0,0,0,0,0,1,1,1,0.0,0.0,0.0,0.0,1.0,0.0,0.0,230,116,0.5,0.03,0.0,0.0,0.0,0.0,0.0,0.0,guess_passwd,8,0
2,0,tcp,telnet,SF,119,174,0,0,0,0,1,0,0,0,0,0,0,0,0,0,0,0,1,1,0.0,0.0,0.0,0.0,1.0,0.0,0.0,255,254,1.0,0.01,0.0,0.0,0.02,0.02,0.02,0.02,guess_passwd,15,0
2,0,tcp,telnet,SF,122,174,0,0,0,0,1,0,0,0,0,0,0,0,0,0,0,0,1,1,0.0,0.0,0.0,0.0,1.0,0.0,0.0,255,83,0.33,0.02,0.0,0.0,0.0,0.0,0.01,0.04,guess_passwd,11,0
2,0,tcp,ftp,SF,26,157,0,0,0,0,1,0,0,0,0,0,0,0,0,0,0,1,1,1,0.0,0.0,0.0,0.0,1.0,0.0,0.0,190,90,0.47,0.03,0.01,0.0,0.0,0.0,0.0,0.0,guess_passwd,7,0
2,0,tcp,telnet,SF,125,174,0,0,0,0,1,0,0,0,0,0,0,0,0,0,0,0,1,1,0.0,0.0,0.0,0.0,1.0,0.0,0.0,255,237,0.93,0.02,0.0,0.0,0.0,0.0,0.02,0.03,guess_passwd,15,0
2,0,tcp,telnet,SF,125,174,0,0,0,0,1,0,0,0,0,0,0,0,0,0,0,0,1,1,0.0,0.0,0.0,0.0,1.0,0.0,0.0,255,65,0.25,0.02,0.0,0.0,0.0,0.0,0.01,0.05,guess_passwd,11,0
2,0,tcp,telnet,SF,121,174,0,0,0,0,1,0,0,0,0,0,0,0,0,0,0,0,2,2,0.0,0.0,0.0,0.0,1.0,0.0,0.0,255,219,0.86,0.02,0.0,0.0,0.0,0.0,0.02,0.03,guess_passwd,15,0
2,0,tcp,telnet,SF,124,174,0,0,0,0,1,0,0,0,0,0,0,0,0,0,0,0,1,1,0.0,0.0,0.0,0.0,1.0,0.0,0.0,255,205,0.8,0.02,0.0,0.0,0.0,0.0,0.02,0.03,guess_passwd,15,0
2,0,tcp,telnet,SF,120,174,0,0,0,0,1,0,0,0,0,0,0,0,0,0,0,0,1,1,0.0,0.0,0.0,0.0,1.0,0.0,0.0,255,70,0.27,0.02,0.0,0.0,0.0,0.0,0.01,0.04,guess_passwd,11,0
2,0,tcp,telnet,SF,126,174,0,0,0,0,1,0,0,0,0,0,0,0,0,0,0,0,2,2,0.0,0.0,0.0,0.0,1.0,0.0,0.0,255,64,0.25,0.02,0.0,0.0,0.0,0.0,0.01,0.05,guess_passwd,11,0
2,0,tcp,telnet,SF,121,174,0,0,0,0,1,0,0,0,0,0,0,0,0,0,0,0,2,2,0.0,0.0,0.0,0.0,1.0,0.0,0.0,255,214,0.84,0.02,0.0,0.0,0.0,0.0,0.02,0.03,guess_passwd,15,0
2,0,tcp,telnet,SF,120,174,0,0,0,0,1,0,0,0,0,0,0,0,0,0,0,0,1,1,0.0,0.0,0.0,0.0,1.0,0.0,0.0,255,254,1.0,0.01,0.0,0.0,0.02,0.02,0.02,0.02,guess_passwd,15,0
2,0,tcp,telnet,SF,122,174,0,0,0,0,1,0,0,0,0,0,0,0,0,0,0,0,1,1,0.0,0.0,0.0,0.0,1.0,0.0,0.0,255,250,0.98,0.01,0.0,0.0,0.0,0.0,0.02,0.02,guess_passwd,16,0
2,0,tcp,telnet,SF,129,174,0,0,0,0,1,0,0,0,0,0,0,0,0,0,0,0,2,2,0.0,0.0,0.0,0.0,1.0,0.0,0.0,255,41,0.16,0.02,0.0,0.0,0.0,0.0,0.01,0.05,guess_passwd,10,0
2,0,tcp,telnet,SF,119,174,0,0,0,0,1,0,0,0,0,0,0,0,0,0,0,0,1,1,0.0,0.0,0.0,0.0,1.0,0.0,0.0,255,254,1.0,0.01,0.0,0.0,0.01,0.01,0.02,0.02,guess_passwd,15,0
2,0,tcp,ftp,SF,26,157,0,0,0,0,1,0,0,0,0,0,0,0,0,0,0,1,1,1,0.0,0.0,0.0,0.0,1.0,0.0,0.0,161,76,0.47,0.02,0.01,0.0,0.0,0.0,0.0,0.0,guess_passwd,7,0
2,0,tcp,telnet,SF,127,174,0,0,0,0,1,0,0,0,0,0,0,0,0,0,0,0,2,2,0.0,0.0,0.0,0.0,1.0,0.0,0.0,255,255,1.0,0.0,0.0,0.0,0.0,0.0,0.02,0.02,guess_passwd,17,0
2,0,tcp,ftp,SF,26,157,0,0,0,0,1,0,0,0,0,0,0,0,0,0,0,1,1,1,0.0,0.0,0.0,0.0,1.0,0.0,0.0,240,120,0.5,0.03,0.0,0.0,0.0,0.0,0.0,0.0,guess_passwd,8,0
2,0,tcp,telnet,SF,123,174,0,0,0,0,1,0,0,0,0,0,0,0,0,0,0,0,1,1,0.0,0.0,0.0,0.0,1.0,0.0,0.0,255,168,0.66,0.02,0.0,0.0,0.0,0.0,0.02,0.03,guess_passwd,15,0
2,0,tcp,telnet,SF,125,174,0,0,0,0,1,0,0,0,0,0,0,0,0,0,0,0,2,2,0.0,0.0,0.0,0.0,1.0,0.0,0.0,255,68,0.27,0.02,0.0,0.0,0.0,0.0,0.01,0.04,guess_passwd,11,0
2,0,tcp,telnet,SF,120,174,0,0,0,0,1,0,0,0,0,0,0,0,0,0,0,0,1,1,0.0,0.0,0.0,0.0,1.0,0.0,0.0,255,209,0.82,0.02,0.0,0.0,0.0,0.0,0.02,0.03,guess_passwd,15,0
2,0,tcp,telnet,SF,123,174,0,0,0,0,1,0,0,0,0,0,0,0,0,0,0,0,1,1,0.0,0.0,0.0,0.0,1.0,0.0,0.0,255,99,0.39,0.02,0.0,0.0,0.0,0.0,0.01,0.03,guess_passwd,10,0
2,0,tcp,telnet,SF,125,174,0,0,0,0,1,0,0,0,0,0,0,0,0,0,0,0,1,1,0.0,0.0,0.0,0.0,1.0,0.0,0.0,255,101,0.4,0.02,0.0,0.0,0.0,0.0,0.01,0.03,guess_passwd,10,0
2,0,tcp,telnet,SF,122,174,0,0,0,0,1,0,0,0,0,0,0,0,0,0,0,0,1,1,0.0,0.0,0.0,0.0,1.0,0.0,0.0,255,254,1.0,0.01,0.0,0.0,0.01,0.01,0.02,0.02,guess_passwd,16,0
2,0,tcp,telnet,SF,121,188,0,0,0,0,1,0,0,0,0,0,0,0,0,0,0,0,2,2,0.0,0.0,0.0,0.0,1.0,0.0,0.0,255,255,1.0,0.0,0.0,0.0,0.01,0.01,0.02,0.02,guess_passwd,15,0
2,0,tcp,telnet,SF,119,174,0,0,0,0,1,0,0,0,0,0,0,0,0,0,0,0,1,1,0.0,0.0,0.0,0.0,1.0,0.0,0.0,255,44,0.17,0.02,0.0,0.0,0.0,0.0,0.01,0.05,guess_passwd,11,0
2,0,tcp,telnet,SF,126,188,0,0,0,0,1,0,0,0,0,0,0,0,0,0,0,0,2,2,0.0,0.0,0.0,0.0,1.0,0.0,0.0,255,228,0.89,0.02,0.0,0.0,0.0,0.0,0.02,0.03,guess_passwd,15,0
2,0,tcp,telnet,SF,121,174,0,0,0,0,1,0,0,0,0,0,0,0,0,0,0,0,1,1,0.0,0.0,0.0,0.0,1.0,0.0,0.0,255,22,0.09,0.02,0.0,0.0,0.0,0.0,0.0,0.05,guess_passwd,9,0
2,0,tcp,ftp,SF,26,157,0,0,0,0,1,0,0,0,0,0,0,0,0,0,0,1,1,1,0.0,0.0,0.0,0.0,1.0,0.0,0.0,183,86,0.47,0.03,0.01,0.0,0.0,0.0,0.0,0.0,guess_passwd,7,0
2,0,tcp,ftp,SF,26,157,0,0,0,0,1,0,0,0,0,0,0,0,0,0,0,1,1,1,0.0,0.0,0.0,0.0,1.0,0.0,0.0,226,114,0.5,0.03,0.0,0.0,0.0,0.0,0.0,0.0,guess_passwd,7,0
2,0,tcp,telnet,SF,120,174,0,0,0,0,1,0,0,0,0,0,0,0,0,0,0,0,1,1,0.0,0.0,0.0,0.0,1.0,0.0,0.0,255,185,0.73,0.02,0.0,0.0,0.0,0.0,0.02,0.03,guess_passwd,15,0
2,0,tcp,ftp,SF,26,157,0,0,0,0,1,0,0,0,0,0,0,0,0,0,0,1,1,1,0.0,0.0,0.0,0.0,1.0,0.0,0.0,66,36,0.55,0.06,0.02,0.0,0.0,0.0,0.0,0.0,guess_passwd,7,0
2,0,tcp,telnet,SF,121,188,0,0,0,0,1,0,0,0,0,0,0,0,0,0,0,0,1,1,0.0,0.0,0.0,0.0,1.0,0.0,0.0,255,171,0.67,0.02,0.0,0.0,0.0,0.0,0.02,0.03,guess_passwd,15,0
2,0,tcp,telnet,SF,127,174,0,0,0,0,1,0,0,0,0,0,0,0,0,0,0,0,1,1,0.0,0.0,0.0,0.0,1.0,0.0,0.0,255,251,0.98,0.01,0.0,0.0,0.0,0.0,0.02,0.02,guess_passwd,17,0
2,0,tcp,telnet,SF,124,174,0,0,0,0,1,0,0,0,0,0,0,0,0,0,0,0,1,1,0.0,0.0,0.0,0.0,1.0,0.0,0.0,255,155,0.61,0.02,0.0,0.0,0.0,0.0,0.02,0.03,guess_passwd,15,0
2,0,tcp,telnet,SF,122,188,0,0,0,0,1,0,0,0,0,0,0,0,0,0,0,0,1,1,0.0,0.0,0.0,0.0,1.0,0.0,0.0,255,254,1.0,0.01,0.0,0.0,0.01,0.01,0.02,0.02,guess_passwd,15,0
2,0,tcp,telnet,SF,125,174,0,0,0,0,1,0,0,0,0,0,0,0,0,0,0,0,2,2,0.0,0.0,0.0,0.0,1.0,0.0,0.0,255,63,0.25,0.02,0.0,0.0,0.0,0.0,0.01,0.05,guess_passwd,11,0
2,0,tcp,telnet,SF,119,174,0,0,0,0,1,0,0,0,0,0,0,0,0,0,0,0,2,2,0.0,0.0,0.0,0.0,1.0,0.0,0.0,255,45,0.18,0.02,0.0,0.0,0.0,0.0,0.01,0.04,guess_passwd,11,0
2,0,tcp,telnet,SF,124,174,0,0,0,0,1,0,0,0,0,0,0,0,0,0,0,0,1,1,0.0,0.0,0.0,0.0,1.0,0.0,0.0,255,105,0.41,0.02,0.0,0.0,0.0,0.0,0.01,0.03,guess_passwd,10,0
2,0,tcp,telnet,SF,122,174,0,0,0,0,1,0,0,0,0,0,0,0,0,0,0,0,1,1,0.0,0.0,0.0,0.0,1.0,0.0,0.0,255,254,1.0,0.01,0.0,0.0,0.0,0.0,0.02,0.02,guess_passwd,16,0
2,0,tcp,telnet,SF,126,174,0,0,0,0,1,0,0,0,0,0,0,0,0,0,0,0,1,1,0.0,0.0,0.0,0.0,1.0,0.0,0.0,255,217,0.85,0.02,0.0,0.0,0.0,0.0,0.02,0.03,guess_passwd,15,0
2,0,tcp,telnet,SF,126,174,0,0,0,0,1,0,0,0,0,0,0,0,0,0,0,0,1,1,0.0,0.0,0.0,0.0,1.0,0.0,0.0,255,254,1.0,0.01,0.0,0.0,0.01,0.01,0.01,0.01,guess_passwd,14,0
2,0,tcp,telnet,SF,121,174,0,0,0,0,1,0,0,0,0,0,0,0,0,0,0,0,1,1,0.0,0.0,0.0,0.0,1.0,0.0,0.0,255,181,0.71,0.02,0.0,0.0,0.0,0.0,0.02,0.03,guess_passwd,15,0
2,0,tcp,telnet,SF,125,174,0,0,0,0,1,0,0,0,0,0,0,0,0,0,0,0,1,1,0.0,0.0,0.0,0.0,1.0,0.0,0.0,255,147,0.58,0.02,0.0,0.0,0.0,0.0,0.02,0.03,guess_passwd,15,0
2,0,tcp,telnet,RSTO,123,188,0,0,0,0,1,0,0,0,0,0,0,0,0,0,0,0,1,1,0.0,0.0,1.0,1.0,1.0,0.0,0.0,255,252,0.99,0.01,0.0,0.0,0.0,0.0,0.03,0.03,guess_passwd,10,0
2,0,tcp,telnet,SF,123,174,0,0,0,0,1,0,0,0,0,0,0,0,0,0,0,0,1,1,0.0,0.0,0.0,0.0,1.0,0.0,0.0,255,40,0.16,0.02,0.0,0.0,0.0,0.0,0.01,0.05,guess_passwd,11,0
2,0,tcp,telnet,SF,122,174,0,0,0,0,1,0,0,0,0,0,0,0,0,0,0,0,1,1,0.0,0.0,0.0,0.0,1.0,0.0,0.0,255,88,0.35,0.02,0.0,0.0,0.0,0.0,0.01,0.03,guess_passwd,11,0
2,0,tcp,ftp,SF,26,157,0,0,0,0,1,0,0,0,0,0,0,0,0,0,0,1,1,1,0.0,0.0,0.0,0.0,1.0,0.0,0.0,57,30,0.53,0.07,0.02,0.0,0.0,0.0,0.0,0.0,guess_passwd,7,0
2,0,tcp,telnet,SF,122,174,0,0,0,0,1,0,0,0,0,0,0,0,0,0,0,0,2,2,0.0,0.0,0.5,0.5,1.0,0.0,0.0,255,38,0.15,0.02,0.0,0.0,0.0,0.0,0.01,0.05,guess_passwd,12,0
2,0,tcp,ftp,SF,26,157,0,0,0,0,1,0,0,0,0,0,0,0,0,0,0,1,1,1,0.0,0.0,0.0,0.0,1.0,0.0,0.0,154,70,0.45,0.03,0.01,0.0,0.0,0.0,0.0,0.0,guess_passwd,7,0
2,0,tcp,telnet,SF,120,174,0,0,0,0,1,0,0,0,0,0,0,0,0,0,0,0,1,1,0.0,0.0,0.0,0.0,1.0,0.0,0.0,255,81,0.32,0.02,0.0,0.0,0.0,0.0,0.01,0.04,guess_passwd,11,0
2,0,tcp,telnet,SF,123,174,0,0,0,0,1,0,0,0,0,0,0,0,0,0,0,0,1,1,0.0,0.0,0.0,0.0,1.0,0.0,0.0,255,56,0.22,0.02,0.0,0.0,0.0,0.0,0.01,0.04,guess_passwd,11,0
2,0,tcp,telnet,SF,126,174,0,0,0,0,1,0,0,0,0,0,0,0,0,0,0,0,1,1,0.0,0.0,0.0,0.0,1.0,0.0,0.0,255,189,0.74,0.02,0.0,0.0,0.0,0.0,0.02,0.03,guess_passwd,15,0
2,0,tcp,ftp,SF,26,157,0,0,0,0,1,0,0,0,0,0,0,0,0,0,0,1,1,1,0.0,0.0,0.0,0.0,1.0,0.0,0.0,73,41,0.56,0.05,0.01,0.0,0.0,0.0,0.0,0.0,guess_passwd,7,0
2,0,tcp,telnet,SF,122,174,0,0,0,0,1,0,0,0,0,0,0,0,0,0,0,0,1,1,0.0,0.0,0.0,0.0,1.0,0.0,0.0,255,30,0.12,0.02,0.0,0.0,0.0,0.0,0.0,0.03,guess_passwd,10,0
2,0,tcp,telnet,SF,125,174,0,0,0,0,1,0,0,0,0,0,0,0,0,0,0,0,2,2,0.0,0.0,0.0,0.0,1.0,0.0,0.0,255,114,0.45,0.02,0.0,0.0,0.0,0.0,0.01,0.03,guess_passwd,11,0
2,0,tcp,ftp,SF,25,157,0,0,0,0,1,0,0,0,0,0,0,0,0,0,0,1,1,1,0.0,0.0,0.0,0.0,1.0,0.0,0.0,42,18,0.43,0.1,0.02,0.0,0.0,0.0,0.0,0.0,guess_passwd,7,0
2,0,tcp,telnet,SF,120,188,0,0,0,0,1,0,0,0,0,0,0,0,0,0,0,0,1,1,0.0,0.0,0.0,0.0,1.0,0.0,0.0,255,195,0.76,0.02,0.0,0.0,0.0,0.0,0.02,0.03,guess_passwd,15,0
2,0,tcp,telnet,SF,123,174,0,0,0,0,1,0,0,0,0,0,0,0,0,0,0,0,1,1,0.0,0.0,0.0,0.0,1.0,0.0,0.0,255,254,1.0,0.01,0.0,0.0,0.01,0.01,0.02,0.02,guess_passwd,16,0
2,0,tcp,telnet,SF,122,174,0,0,0,0,1,0,0,0,0,0,0,0,0,0,0,0,1,1,0.0,0.0,0.0,0.0,1.0,0.0,0.0,255,254,1.0,0.01,0.0,0.0,0.01,0.01,0.01,0.01,guess_passwd,13,0
2,0,tcp,telnet,SF,122,174,0,0,0,0,1,0,0,0,0,0,0,0,0,0,0,0,1,1,0.0,0.0,0.0,0.0,1.0,0.0,0.0,255,11,0.04,0.02,0.0,0.0,0.0,0.0,0.0,0.09,guess_passwd,7,0
2,0,tcp,telnet,SF,124,174,0,0,0,0,1,0,0,0,0,0,0,0,0,0,0,0,1,1,0.0,0.0,0.0,0.0,1.0,0.0,0.0,255,249,0.98,0.01,0.0,0.0,0.0,0.0,0.02,0.02,guess_passwd,16,0
2,0,tcp,ftp,SF,26,157,0,0,0,0,1,0,0,0,0,0,0,0,0,0,0,1,2,1,0.0,0.0,0.0,0.0,0.5,1.0,0.0,91,48,0.53,0.04,0.01,0.0,0.0,0.0,0.0,0.0,guess_passwd,6,0
2,0,tcp,telnet,SF,126,174,0,0,0,0,1,0,0,0,0,0,0,0,0,0,0,0,1,1,0.0,0.0,0.0,0.0,1.0,0.0,0.0,255,132,0.52,0.02,0.0,0.0,0.0,0.0,0.02,0.03,guess_passwd,14,0
2,0,tcp,telnet,SF,123,174,0,0,0,0,1,0,0,0,0,0,0,0,0,0,0,0,1,1,0.0,0.0,0.0,0.0,1.0,0.0,0.0,255,104,0.41,0.02,0.0,0.0,0.0,0.0,0.01,0.03,guess_passwd,10,0
2,0,tcp,telnet,SF,124,174,0,0,0,0,1,0,0,0,0,0,0,0,0,0,0,0,1,1,0.0,0.0,0.0,0.0,1.0,0.0,0.0,255,32,0.13,0.02,0.0,0.0,0.0,0.0,0.0,0.03,guess_passwd,10,0
2,0,tcp,telnet,SF,125,174,0,0,0,0,1,0,0,0,0,0,0,0,0,0,0,0,1,1,0.0,0.0,0.0,0.0,1.0,0.0,0.0,255,21,0.08,0.02,0.0,0.0,0.0,0.0,0.0,0.05,guess_passwd,8,0
2,0,tcp,telnet,SF,124,174,0,0,0,0,1,0,0,0,0,0,0,0,0,0,0,0,1,1,0.0,0.0,0.0,0.0,1.0,0.0,0.0,255,184,0.72,0.02,0.0,0.0,0.0,0.0,0.02,0.03,guess_passwd,15,0
2,0,tcp,telnet,SF,123,174,0,0,0,0,1,0,0,0,0,0,0,0,0,0,0,0,1,1,0.0,0.0,0.0,0.0,1.0,0.0,0.0,255,236,0.93,0.02,0.0,0.0,0.0,0.0,0.02,0.03,guess_passwd,15,0
2,0,tcp,ftp,SF,26,157,0,0,0,0,1,0,0,0,0,0,0,0,0,0,0,1,1,1,0.0,0.0,0.0,0.0,1.0,0.0,0.0,122,55,0.45,0.03,0.01,0.0,0.0,0.0,0.0,0.0,guess_passwd,7,0
2,0,tcp,ftp,SF,26,157,0,0,0,0,1,0,0,0,0,0,0,0,0,0,0,1,1,1,0.0,0.0,0.0,0.0,1.0,0.0,0.0,255,120,0.47,0.03,0.0,0.0,0.0,0.0,0.0,0.0,guess_passwd,9,0
2,0,tcp,telnet,SF,119,174,0,0,0,0,1,0,0,0,0,0,0,0,0,0,0,0,1,1,0.0,0.0,0.0,0.0,1.0,0.0,0.0,255,255,1.0,0.0,0.0,0.0,0.0,0.0,0.02,0.02,guess_passwd,15,0
2,0,tcp,telnet,RSTO,120,188,0,0,0,0,1,0,0,0,0,0,0,0,0,0,0,0,1,1,0.0,0.0,1.0,1.0,1.0,0.0,0.0,255,164,0.64,0.02,0.0,0.0,0.0,0.0,0.02,0.03,guess_passwd,10,0
2,0,tcp,telnet,SF,121,174,0,0,0,0,1,0,0,0,0,0,0,0,0,0,0,0,1,1,0.0,0.0,0.0,0.0,1.0,0.0,0.0,255,255,1.0,0.0,0.0,0.0,0.01,0.01,0.02,0.02,guess_passwd,16,0
2,0,tcp,telnet,SF,122,174,0,0,0,0,1,0,0,0,0,0,0,0,0,0,0,0,1,1,0.0,0.0,0.0,0.0,1.0,0.0,0.0,255,144,0.56,0.02,0.0,0.0,0.0,0.0,0.02,0.03,guess_passwd,15,0
2,0,tcp,ftp,SF,26,157,0,0,0,0,1,0,0,0,0,0,0,0,0,0,0,1,1,1,0.0,0.0,0.0,0.0,1.0,0.0,0.0,127,59,0.46,0.03,0.01,0.0,0.0,0.0,0.0,0.0,guess_passwd,7,0
2,0,tcp,telnet,RSTO,126,188,0,0,0,0,1,0,0,0,0,0,0,0,0,0,0,0,1,1,0.0,0.0,1.0,1.0,1.0,0.0,0.0,255,254,1.0,0.01,0.0,0.0,0.01,0.01,0.02,0.02,guess_passwd,10,0
2,0,tcp,telnet,RSTO,124,176,0,0,0,0,1,0,0,0,0,0,0,0,0,0,0,0,1,1,0.0,0.0,1.0,1.0,1.0,0.0,0.0,255,254,1.0,0.01,0.0,0.0,0.02,0.02,0.02,0.02,guess_passwd,10,0
2,0,tcp,ftp,SF,26,157,0,0,0,0,1,0,0,0,0,0,0,0,0,0,0,1,1,1,0.0,0.0,0.0,0.0,1.0,0.0,0.0,96,51,0.53,0.04,0.01,0.0,0.0,0.0,0.0,0.0,guess_passwd,7,0
2,0,tcp,ftp,SF,26,157,0,0,0,0,1,0,0,0,0,0,0,0,0,0,0,1,1,1,0.0,0.0,0.0,0.0,1.0,0.0,0.0,52,26,0.5,0.08,0.02,0.0,0.0,0.0,0.0,0.0,guess_passwd,7,0
2,0,tcp,telnet,SF,123,174,0,0,0,0,1,0,0,0,0,0,0,0,0,0,0,0,1,1,0.0,0.0,0.0,0.0,1.0,0.0,0.0,255,125,0.49,0.02,0.0,0.0,0.0,0.0,0.01,0.02,guess_passwd,11,0
2,0,tcp,telnet,SF,123,174,0,0,0,0,1,0,0,0,0,0,0,0,0,0,0,0,1,1,0.0,0.0,0.0,0.0,1.0,0.0,0.0,255,255,1.0,0.0,0.0,0.0,0.01,0.01,0.02,0.02,guess_passwd,16,0
2,0,tcp,ftp,SF,26,157,0,0,0,0,1,0,0,0,0,0,0,0,0,0,0,1,1,1,0.0,0.0,0.0,0.0,1.0,0.0,0.0,189,89,0.47,0.03,0.01,0.0,0.0,0.0,0.0,0.0,guess_passwd,7,0
2,0,tcp,telnet,SF,123,174,0,0,0,0,1,0,0,0,0,0,0,0,0,0,0,0,1,1,0.0,0.0,0.0,0.0,1.0,0.0,0.0,255,95,0.37,0.02,0.0,0.0,0.0,0.0,0.01,0.03,guess_passwd,10,0
2,0,tcp,telnet,SF,125,174,0,0,0,0,1,0,0,0,0,0,0,0,0,0,0,0,1,1,0.0,0.0,0.0,0.0,1.0,0.0,0.0,255,254,1.0,0.01,0.0,0.0,0.02,0.02,0.02,0.02,guess_passwd,17,0
2,0,tcp,ftp,SF,25,157,0,0,0,0,1,0,0,0,0,0,0,0,0,0,0,1,1,1,0.0,0.0,0.0,0.0,1.0,0.0,0.0,29,9,0.31,0.14,0.03,0.0,0.0,0.0,0.0,0.0,guess_passwd,7,0
2,0,tcp,telnet,SF,120,174,0,0,0,0,1,0,0,0,0,0,0,0,0,0,0,0,1,1,0.0,0.0,0.0,0.0,1.0,0.0,0.0,255,255,1.0,0.0,0.0,0.0,0.0,0.0,0.02,0.02,guess_passwd,15,0
2,0,tcp,ftp,SF,25,157,0,0,0,0,1,0,0,0,0,0,0,0,0,0,0,1,1,1,0.0,0.0,0.0,0.0,1.0,0.0,0.0,33,12,0.36,0.12,0.03,0.0,0.0,0.0,0.0,0.0,guess_passwd,7,0
2,0,tcp,telnet,SF,121,174,0,0,0,0,1,0,0,0,0,0,0,0,0,0,0,0,1,1,0.0,0.0,0.0,0.0,1.0,0.0,0.0,255,77,0.3,0.02,0.0,0.0,0.0,0.0,0.01,0.04,guess_passwd,11,0
2,0,tcp,ftp,SF,26,157,0,0,0,0,1,0,0,0,0,0,0,0,0,0,0,1,1,1,0.0,0.0,0.0,0.0,1.0,0.0,0.0,51,25,0.49,0.08,0.02,0.0,0.0,0.0,0.0,0.0,guess_passwd,7,0
2,0,tcp,telnet,SF,124,174,0,0,0,0,1,0,0,0,0,0,0,0,0,0,0,0,1,1,0.0,0.0,0.0,0.0,1.0,0.0,0.0,255,167,0.65,0.02,0.0,0.0,0.0,0.0,0.02,0.03,guess_passwd,15,0
2,0,tcp,telnet,SF,122,174,0,0,0,0,1,0,0,0,0,0,0,0,0,0,0,0,1,1,0.0,0.0,0.0,0.0,1.0,0.0,0.0,255,227,0.89,0.02,0.0,0.0,0.0,0.0,0.02,0.03,guess_passwd,15,0
2,0,tcp,telnet,SF,123,174,0,0,0,0,1,0,0,0,0,0,0,0,0,0,0,0,1,1,0.0,0.0,0.0,0.0,1.0,0.0,0.0,255,254,1.0,0.01,0.0,0.0,0.01,0.01,0.01,0.01,guess_passwd,13,0
2,0,tcp,ftp,SF,26,157,0,0,0,0,1,0,0,0,0,0,0,0,0,0,0,1,1,1,0.0,0.0,0.0,0.0,1.0,0.0,0.0,135,63,0.47,0.03,0.01,0.0,0.0,0.0,0.0,0.0,guess_passwd,7,0
2,0,tcp,telnet,SF,122,174,0,0,0,0,1,0,0,0,0,0,0,0,0,0,0,0,1,1,0.0,0.0,0.0,0.0,1.0,0.0,0.0,255,251,0.98,0.01,0.0,0.0,0.0,0.0,0.02,0.02,guess_passwd,16,0
2,0,tcp,ftp,SF,25,157,0,0,0,0,1,0,0,0,0,0,0,0,0,0,0,1,1,1,0.0,0.0,0.0,0.0,1.0,0.0,0.0,40,17,0.43,0.1,0.03,0.0,0.0,0.0,0.0,0.0,guess_passwd,8,0
2,0,tcp,telnet,SF,123,174,0,0,0,0,1,0,0,0,0,0,0,0,0,0,0,0,1,1,0.0,0.0,0.0,0.0,1.0,0.0,0.0,255,5,0.02,0.02,0.0,0.0,0.0,0.0,0.0,0.2,guess_passwd,7,0
2,0,tcp,telnet,SF,122,174,0,0,0,0,1,0,0,0,0,0,0,0,0,0,0,0,1,1,0.0,0.0,0.0,0.0,1.0,0.0,0.0,255,48,0.19,0.02,0.0,0.0,0.0,0.0,0.01,0.04,guess_passwd,11,0
2,0,tcp,telnet,RSTO,125,188,0,0,0,0,1,0,0,0,0,0,0,0,0,0,0,0,1,1,0.0,0.0,1.0,1.0,1.0,0.0,0.0,255,175,0.69,0.02,0.0,0.0,0.0,0.0,0.02,0.03,guess_passwd,10,0
2,0,tcp,telnet,SF,126,174,0,0,0,0,1,0,0,0,0,0,0,0,0,0,0,0,1,1,0.0,0.0,0.0,0.0,1.0,0.0,0.0,255,66,0.26,0.02,0.0,0.0,0.0,0.0,0.01,0.05,guess_passwd,11,0
2,0,tcp,telnet,SF,126,174,0,0,0,0,1,0,0,0,0,0,0,0,0,0,0,0,2,2,0.0,0.0,0.0,0.0,1.0,0.0,0.0,255,46,0.18,0.02,0.0,0.0,0.0,0.0,0.01,0.04,guess_passwd,11,0
2,0,tcp,ftp,SF,26,157,0,0,0,0,1,0,0,0,0,0,0,0,0,0,0,1,1,1,0.0,0.0,0.0,0.0,1.0,0.0,0.0,243,122,0.5,0.02,0.0,0.0,0.0,0.0,0.0,0.0,guess_passwd,8,0
2,0,tcp,telnet,SF,122,174,0,0,0,0,1,0,0,0,0,0,0,0,0,0,0,0,1,1,0.0,0.0,0.0,0.0,1.0,0.0,0.0,255,152,0.6,0.02,0.0,0.0,0.0,0.0,0.02,0.03,guess_passwd,15,0
2,0,tcp,telnet,SF,120,188,0,0,0,0,1,0,0,0,0,0,0,0,0,0,0,0,1,1,0.0,0.0,0.0,0.0,1.0,0.0,0.0,255,254,1.0,0.01,0.0,0.0,0.02,0.02,0.02,0.02,guess_passwd,15,0
2,0,tcp,telnet,SF,122,174,0,0,0,0,1,0,0,0,0,0,0,0,0,0,0,0,1,1,0.0,0.0,0.0,0.0,1.0,0.0,0.0,255,221,0.87,0.02,0.0,0.0,0.0,0.0,0.02,0.03,guess_passwd,15,0
2,0,tcp,telnet,SF,129,174,0,0,0,0,1,0,0,0,0,0,0,0,0,0,0,0,1,1,0.0,0.0,0.0,0.0,1.0,0.0,0.0,255,255,1.0,0.0,0.0,0.0,0.0,0.0,0.02,0.02,guess_passwd,15,0
2,0,tcp,telnet,SF,125,174,0,0,0,0,1,0,0,0,0,0,0,0,0,0,0,0,1,1,0.0,0.0,0.0,0.0,1.0,0.0,0.0,255,67,0.26,0.02,0.0,0.0,0.0,0.0,0.01,0.04,guess_passwd,11,0
2,0,tcp,telnet,SF,121,174,0,0,0,0,1,0,0,0,0,0,0,0,0,0,0,0,1,1,0.0,0.0,0.0,0.0,1.0,0.0,0.0,255,230,0.9,0.02,0.0,0.0,0.0,0.0,0.02,0.03,guess_passwd,15,0
2,0,tcp,telnet,SF,124,174,0,0,0,0,1,0,0,0,0,0,0,0,0,0,0,0,1,1,0.0,0.0,0.0,0.0,1.0,0.0,0.0,255,251,0.98,0.01,0.0,0.0,0.0,0.0,0.02,0.02,guess_passwd,16,0
2,0,tcp,telnet,SF,121,174,0,0,0,0,1,0,0,0,0,0,0,0,0,0,0,0,2,2,0.0,0.0,0.0,0.0,1.0,0.0,0.0,255,248,0.97,0.01,0.0,0.0,0.0,0.0,0.02,0.02,guess_passwd,15,0
2,0,tcp,telnet,SF,127,174,0,0,0,0,1,0,0,0,0,0,0,0,0,0,0,0,2,2,0.0,0.0,0.0,0.0,1.0,0.0,0.0,255,119,0.47,0.02,0.0,0.0,0.0,0.0,0.01,0.03,guess_passwd,11,0
2,0,tcp,telnet,SF,129,174,0,0,0,0,1,0,0,0,0,0,0,0,0,0,0,0,1,1,0.0,0.0,0.0,0.0,1.0,0.0,0.0,255,102,0.4,0.02,0.0,0.0,0.0,0.0,0.01,0.03,guess_passwd,9,0
2,0,tcp,telnet,SF,120,174,0,0,0,0,1,0,0,0,0,0,0,0,0,0,0,0,2,2,0.0,0.0,0.0,0.0,1.0,0.0,0.0,255,255,1.0,0.0,0.0,0.0,0.01,0.01,0.02,0.02,guess_passwd,15,0
2,0,tcp,telnet,SF,120,174,0,0,0,0,1,0,0,0,0,0,0,0,0,0,0,0,2,2,0.0,0.0,0.0,0.0,1.0,0.0,0.0,255,73,0.29,0.02,0.0,0.0,0.0,0.0,0.01,0.04,guess_passwd,11,0
2,0,tcp,ftp,SF,26,157,0,0,0,0,1,0,0,0,0,0,0,0,0,0,0,1,1,1,0.0,0.0,0.0,0.0,1.0,0.0,0.0,255,119,0.47,0.03,0.0,0.0,0.0,0.0,0.0,0.0,guess_passwd,9,0
2,0,tcp,telnet,SF,120,188,0,0,0,0,1,0,0,0,0,0,0,0,0,0,0,0,2,2,0.0,0.0,0.0,0.0,1.0,0.0,0.0,255,93,0.36,0.02,0.0,0.0,0.0,0.0,0.01,0.03,guess_passwd,11,0
2,0,tcp,telnet,SF,121,174,0,0,0,0,1,0,0,0,0,0,0,0,0,0,0,0,1,1,0.0,0.0,0.0,0.0,1.0,0.0,0.0,255,254,1.0,0.01,0.0,0.0,0.01,0.01,0.01,0.01,guess_passwd,13,0
2,0,tcp,telnet,SF,125,174,0,0,0,0,1,0,0,0,0,0,0,0,0,0,0,0,1,1,0.0,0.0,0.0,0.0,1.0,0.0,0.0,255,106,0.42,0.02,0.0,0.0,0.0,0.0,0.01,0.03,guess_passwd,10,0
2,0,tcp,telnet,SF,126,174,0,0,0,0,1,0,0,0,0,0,0,0,0,0,0,0,1,1,0.0,0.0,0.0,0.0,1.0,0.0,0.0,255,254,1.0,0.01,0.0,0.0,0.02,0.02,0.01,0.01,guess_passwd,14,0
2,0,tcp,telnet,SF,121,174,0,0,0,0,1,0,0,0,0,0,0,0,0,0,0,0,1,1,0.0,0.0,0.0,0.0,1.0,0.0,0.0,255,35,0.14,0.02,0.0,0.0,0.0,0.0,0.0,0.03,guess_passwd,10,0
2,0,tcp,telnet,SF,123,174,0,0,0,0,1,0,0,0,0,0,0,0,0,0,0,0,1,1,0.0,0.0,0.0,0.0,1.0,0.0,0.0,255,72,0.28,0.02,0.0,0.0,0.0,0.0,0.01,0.04,guess_passwd,11,0
2,0,tcp,telnet,SF,122,174,0,0,0,0,1,0,0,0,0,0,0,0,0,0,0,0,1,1,0.0,0.0,0.0,0.0,1.0,0.0,0.0,255,225,0.88,0.02,0.0,0.0,0.0,0.0,0.02,0.03,guess_passwd,15,0
2,0,tcp,telnet,SF,125,174,0,0,0,0,1,0,0,0,0,0,0,0,0,0,0,0,1,1,0.0,0.0,0.0,0.0,1.0,0.0,0.0,255,254,1.0,0.01,0.0,0.0,0.02,0.02,0.01,0.01,guess_passwd,14,0
2,0,tcp,telnet,SF,124,174,0,0,0,0,1,0,0,0,0,0,0,0,0,0,0,0,1,1,0.0,0.0,0.0,0.0,1.0,0.0,0.0,255,192,0.75,0.02,0.0,0.0,0.0,0.0,0.02,0.03,guess_passwd,15,0
2,0,tcp,ftp,SF,25,157,0,0,0,0,1,0,0,0,0,0,0,0,0,0,0,1,1,1,0.0,0.0,0.0,0.0,1.0,0.0,0.0,30,10,0.33,0.13,0.03,0.0,0.0,0.0,0.0,0.0,guess_passwd,7,0
2,0,tcp,ftp,SF,25,157,0,0,0,0,1,0,0,0,0,0,0,0,0,0,0,1,1,1,0.0,0.0,0.0,0.0,1.0,0.0,0.0,39,16,0.41,0.1,0.03,0.0,0.0,0.0,0.0,0.0,guess_passwd,8,0
2,0,tcp,telnet,RSTO,125,176,0,0,0,0,1,0,0,0,0,0,0,0,0,0,0,0,1,1,0.0,0.0,1.0,1.0,1.0,0.0,0.0,255,126,0.49,0.02,0.0,0.0,0.0,0.0,0.02,0.03,guess_passwd,10,0
2,0,tcp,telnet,SF,122,174,0,0,0,0,1,0,0,0,0,0,0,0,0,0,0,0,1,1,0.0,0.0,0.0,0.0,1.0,0.0,0.0,255,154,0.6,0.02,0.0,0.0,0.0,0.0,0.02,0.03,guess_passwd,15,0
2,0,tcp,telnet,SF,121,174,0,0,0,0,1,0,0,0,0,0,0,0,0,0,0,0,1,1,0.0,0.0,0.0,0.0,1.0,0.0,0.0,255,121,0.47,0.02,0.0,0.0,0.0,0.0,0.01,0.02,guess_passwd,12,0
2,0,tcp,telnet,SF,128,174,0,0,0,0,1,0,0,0,0,0,0,0,0,0,0,0,1,1,0.0,0.0,0.0,0.0,1.0,0.0,0.0,255,241,0.95,0.01,0.0,0.0,0.0,0.0,0.02,0.02,guess_passwd,15,0
2,0,tcp,telnet,SF,124,174,0,0,0,0,1,0,0,0,0,0,0,0,0,0,0,0,1,1,0.0,0.0,0.0,0.0,1.0,0.0,0.0,255,26,0.1,0.02,0.0,0.0,0.0,0.0,0.0,0.04,guess_passwd,10,0
2,0,tcp,telnet,SF,129,174,0,0,0,0,1,0,0,0,0,0,0,0,0,0,0,0,1,1,0.0,0.0,0.0,0.0,1.0,0.0,0.0,255,255,1.0,0.0,0.0,0.0,0.01,0.01,0.02,0.02,guess_passwd,15,0
2,0,tcp,ftp,SF,26,157,0,0,0,0,1,0,0,0,0,0,0,0,0,0,0,1,1,1,0.0,0.0,0.0,0.0,1.0,0.0,0.0,214,104,0.49,0.03,0.0,0.0,0.0,0.0,0.0,0.0,guess_passwd,7,0
2,0,tcp,telnet,SF,126,188,0,0,0,0,1,0,0,0,0,0,0,0,0,0,0,0,1,1,0.0,0.0,0.0,0.0,1.0,0.0,0.0,255,6,0.02,0.02,0.0,0.0,0.0,0.0,0.0,0.17,guess_passwd,8,0
2,0,tcp,ftp,SF,26,157,0,0,0,0,1,0,0,0,0,0,0,0,0,0,0,1,1,1,0.0,0.0,0.0,0.0,1.0,0.0,0.0,85,47,0.55,0.05,0.01,0.0,0.0,0.0,0.0,0.0,guess_passwd,7,0
2,0,tcp,ftp,SF,26,157,0,0,0,0,1,0,0,0,0,0,0,0,0,0,0,1,1,1,0.0,0.0,0.0,0.0,1.0,0.0,0.0,194,93,0.48,0.03,0.01,0.0,0.0,0.0,0.0,0.0,guess_passwd,7,0
2,0,tcp,telnet,SF,123,174,0,0,0,0,1,0,0,0,0,0,0,0,0,0,0,0,1,1,0.0,0.0,0.0,0.0,1.0,0.0,0.0,255,136,0.53,0.02,0.0,0.0,0.0,0.0,0.02,0.03,guess_passwd,15,0
2,0,tcp,telnet,SF,127,174,0,0,0,0,1,0,0,0,0,0,0,0,0,0,0,0,1,1,0.0,0.0,0.0,0.0,1.0,0.0,0.0,255,254,1.0,0.01,0.0,0.0,0.02,0.02,0.01,0.01,guess_passwd,14,0
2,0,tcp,telnet,SF,124,174,0,0,0,0,1,0,0,0,0,0,0,0,0,0,0,0,1,1,0.0,0.0,0.0,0.0,1.0,0.0,0.0,255,50,0.2,0.02,0.0,0.0,0.0,0.0,0.01,0.04,guess_passwd,11,0
2,0,tcp,telnet,SF,129,174,0,0,0,0,1,0,0,0,0,0,0,0,0,0,0,0,1,1,0.0,0.0,0.0,0.0,1.0,0.0,0.0,255,220,0.86,0.02,0.0,0.0,0.0,0.0,0.02,0.03,guess_passwd,14,0
2,0,tcp,ftp,SF,26,157,0,0,0,0,1,0,0,0,0,0,0,0,0,0,0,1,1,1,0.0,0.0,0.0,0.0,1.0,0.0,0.0,150,68,0.45,0.03,0.01,0.0,0.0,0.0,0.0,0.0,guess_passwd,7,0
2,0,tcp,telnet,SF,118,174,0,0,0,0,1,0,0,0,0,0,0,0,0,0,0,0,1,1,0.0,0.0,0.0,0.0,1.0,0.0,0.0,255,122,0.48,0.02,0.0,0.0,0.0,0.0,0.01,0.02,guess_passwd,11,0
2,0,tcp,ftp,SF,25,157,0,0,0,0,1,0,0,0,0,0,0,0,0,0,0,1,1,1,0.0,0.0,0.0,0.0,1.0,0.0,0.0,44,19,0.43,0.09,0.02,0.0,0.0,0.0,0.0,0.0,guess_passwd,7,0
2,0,tcp,telnet,SF,122,174,0,0,0,0,1,0,0,0,0,0,0,0,0,0,0,0,2,2,0.0,0.0,0.0,0.0,1.0,0.0,0.0,255,248,0.97,0.01,0.0,0.0,0.0,0.0,0.02,0.02,guess_passwd,16,0
2,0,tcp,telnet,SF,125,174,0,0,0,0,1,0,0,0,0,0,0,0,0,0,0,0,1,1,0.0,0.0,0.0,0.0,1.0,0.0,0.0,255,148,0.58,0.02,0.0,0.0,0.0,0.0,0.02,0.03,guess_passwd,15,0
2,0,tcp,telnet,SF,122,174,0,0,0,0,1,0,0,0,0,0,0,0,0,0,0,0,1,1,0.0,0.0,0.0,0.0,1.0,0.0,0.0,255,146,0.57,0.02,0.0,0.0,0.0,0.0,0.02,0.03,guess_passwd,15,0
2,0,tcp,ftp,SF,26,157,0,0,0,0,1,0,0,0,0,0,0,0,0,0,0,1,1,1,0.0,0.0,0.0,0.0,1.0,0.0,0.0,174,82,0.47,0.03,0.01,0.0,0.0,0.0,0.0,0.0,guess_passwd,7,0
2,0,tcp,telnet,SF,120,174,0,0,0,0,1,0,0,0,0,0,0,0,0,0,0,0,1,1,0.0,0.0,0.0,0.0,1.0,0.0,0.0,255,254,1.0,0.01,0.0,0.0,0.01,0.01,0.01,0.01,guess_passwd,12,0
2,0,tcp,telnet,SF,125,174,0,0,0,0,1,0,0,0,0,0,0,0,0,0,0,0,1,1,0.0,0.0,0.0,0.0,1.0,0.0,0.0,255,85,0.33,0.02,0.0,0.0,0.0,0.0,0.01,0.04,guess_passwd,11,0
2,0,tcp,ftp,SF,26,157,0,0,0,0,1,0,0,0,0,0,0,0,0,0,0,1,1,1,0.0,0.0,0.0,0.0,1.0,0.0,0.0,248,126,0.51,0.02,0.0,0.0,0.0,0.0,0.0,0.0,guess_passwd,9,0
2,0,tcp,telnet,SF,119,174,0,0,0,0,1,0,0,0,0,0,0,0,0,0,0,0,1,1,0.0,0.0,0.0,0.0,1.0,0.0,0.0,255,177,0.69,0.02,0.0,0.0,0.0,0.0,0.02,0.03,guess_passwd,15,0
2,0,tcp,telnet,SF,119,174,0,0,0,0,1,0,0,0,0,0,0,0,0,0,0,0,1,1,0.0,0.0,0.0,0.0,1.0,0.0,0.0,255,16,0.06,0.02,0.01,0.0,0.0,0.0,0.0,0.06,guess_passwd,7,0
2,0,tcp,telnet,SF,123,174,0,0,0,0,1,0,0,0,0,0,0,0,0,0,0,0,1,1,0.0,0.0,0.0,0.0,1.0,0.0,0.0,255,255,1.0,0.0,0.0,0.0,0.0,0.0,0.02,0.02,guess_passwd,16,0
2,0,tcp,telnet,SF,120,174,0,0,0,0,1,0,0,0,0,0,0,0,0,0,0,0,1,1,0.0,0.0,0.0,0.0,1.0,0.0,0.0,255,248,0.97,0.01,0.0,0.0,0.0,0.0,0.02,0.02,guess_passwd,15,0
2,0,tcp,telnet,SF,124,174,0,0,0,0,1,0,0,0,0,0,0,0,0,0,0,0,1,1,0.0,0.0,0.0,0.0,1.0,0.0,0.0,255,234,0.92,0.02,0.0,0.0,0.0,0.0,0.02,0.03,guess_passwd,15,0
2,0,tcp,telnet,SF,124,174,0,0,0,0,1,0,0,0,0,0,0,0,0,0,0,0,1,1,0.0,0.0,0.0,0.0,1.0,0.0,0.0,255,160,0.63,0.02,0.0,0.0,0.0,0.0,0.02,0.03,guess_passwd,15,0
2,0,tcp,telnet,SF,127,174,0,0,0,0,1,0,0,0,0,0,0,0,0,0,0,0,1,1,0.0,0.0,0.0,0.0,1.0,0.0,0.0,255,255,1.0,0.0,0.0,0.0,0.01,0.01,0.02,0.02,guess_passwd,17,0
2,0,tcp,ftp,SF,26,157,0,0,0,0,1,0,0,0,0,0,0,0,0,0,0,1,1,1,0.0,0.0,0.0,0.0,1.0,0.0,0.0,64,34,0.53,0.06,0.02,0.0,0.0,0.0,0.0,0.0,guess_passwd,7,0
2,0,tcp,telnet,SF,125,174,0,0,0,0,1,0,0,0,0,0,0,0,0,0,0,0,1,1,0.0,0.0,0.0,0.0,1.0,0.0,0.0,255,222,0.87,0.02,0.0,0.0,0.0,0.0,0.02,0.03,guess_passwd,15,0
2,0,tcp,telnet,SF,121,174,0,0,0,0,1,0,0,0,0,0,0,0,0,0,0,0,1,1,0.0,0.0,0.0,0.0,1.0,0.0,0.0,255,135,0.53,0.02,0.0,0.0,0.0,0.0,0.02,0.03,guess_passwd,15,0
2,0,tcp,telnet,SF,123,174,0,0,0,0,1,0,0,0,0,0,0,0,0,0,0,0,1,1,0.0,0.0,0.0,0.0,1.0,0.0,0.0,255,245,0.96,0.01,0.0,0.0,0.0,0.0,0.02,0.02,guess_passwd,15,0
2,0,tcp,telnet,SF,123,174,0,0,0,0,1,0,0,0,0,0,0,0,0,0,0,0,1,1,0.0,0.0,0.0,0.0,1.0,0.0,0.0,255,145,0.57,0.02,0.0,0.0,0.0,0.0,0.02,0.03,guess_passwd,15,0
2,0,tcp,ftp,SF,26,157,0,0,0,0,1,0,0,0,0,0,0,0,0,0,0,1,1,1,0.0,0.0,0.0,0.0,1.0,0.0,0.0,143,67,0.47,0.03,0.01,0.0,0.0,0.0,0.0,0.0,guess_passwd,7,0
2,0,tcp,telnet,SF,122,174,0,0,0,0,1,0,0,0,0,0,0,0,0,0,0,0,1,1,0.0,0.0,0.0,0.0,1.0,0.0,0.0,255,196,0.77,0.02,0.0,0.0,0.0,0.0,0.02,0.03,guess_passwd,15,0
2,0,tcp,telnet,SF,123,174,0,0,0,0,1,0,0,0,0,0,0,0,0,0,0,0,1,1,0.0,0.0,0.0,0.0,1.0,0.0,0.0,255,165,0.65,0.02,0.0,0.0,0.0,0.0,0.02,0.03,guess_passwd,15,0
2,0,tcp,telnet,SF,121,174,0,0,0,0,1,0,0,0,0,0,0,0,0,0,0,0,1,1,0.0,0.0,0.0,0.0,1.0,0.0,0.0,255,23,0.09,0.02,0.0,0.0,0.0,0.0,0.0,0.04,guess_passwd,9,0
2,0,tcp,ftp,SF,26,157,0,0,0,0,1,0,0,0,0,0,0,0,0,0,0,1,1,1,0.0,0.0,0.0,0.0,1.0,0.0,0.0,246,125,0.51,0.02,0.0,0.0,0.0,0.0,0.0,0.0,guess_passwd,8,0
2,0,tcp,telnet,SF,122,174,0,0,0,0,1,0,0,0,0,0,0,0,0,0,0,0,1,1,0.0,0.0,0.0,0.0,1.0,0.0,0.0,255,254,1.0,0.01,0.0,0.0,0.02,0.02,0.02,0.02,guess_passwd,16,0
2,0,tcp,telnet,SF,124,174,0,0,0,0,1,0,0,0,0,0,0,0,0,0,0,0,1,1,0.0,0.0,0.0,0.0,1.0,0.0,0.0,255,254,1.0,0.01,0.0,0.0,0.02,0.02,0.02,0.02,guess_passwd,17,0
2,0,tcp,ftp,SF,26,157,0,0,0,0,1,0,0,0,0,0,0,0,0,0,0,1,1,1,0.0,0.0,0.0,0.0,1.0,0.0,0.0,65,35,0.54,0.06,0.02,0.0,0.0,0.0,0.0,0.0,guess_passwd,7,0
2,0,tcp,telnet,RSTO,126,176,0,0,0,0,1,0,0,0,0,0,0,0,0,0,0,0,1,1,0.0,0.0,1.0,1.0,1.0,0.0,0.0,255,248,0.97,0.01,0.0,0.0,0.0,0.0,0.03,0.03,guess_passwd,10,0
2,0,tcp,telnet,SF,124,174,0,0,0,0,1,0,0,0,0,0,0,0,0,0,0,0,2,2,0.0,0.0,0.0,0.0,1.0,0.0,0.0,255,53,0.21,0.02,0.0,0.0,0.0,0.0,0.01,0.04,guess_passwd,11,0
2,0,tcp,telnet,SF,120,174,0,0,0,0,1,0,0,0,0,0,0,0,0,0,0,0,1,1,0.0,0.0,0.0,0.0,1.0,0.0,0.0,255,110,0.43,0.02,0.0,0.0,0.0,0.0,0.01,0.03,guess_passwd,11,0
2,0,tcp,telnet,SF,122,174,0,0,0,0,1,0,0,0,0,0,0,0,0,0,0,0,1,1,0.0,0.0,0.0,0.0,1.0,0.0,0.0,255,254,1.0,0.01,0.0,0.0,0.02,0.02,0.01,0.01,guess_passwd,13,0
2,0,tcp,telnet,SF,126,174,0,0,0,0,1,0,0,0,0,0,0,0,0,0,0,0,1,1,0.0,0.0,0.0,0.0,1.0,0.0,0.0,255,71,0.28,0.02,0.0,0.0,0.0,0.0,0.01,0.04,guess_passwd,11,0
2,0,tcp,telnet,SF,121,174,0,0,0,0,1,0,0,0,0,0,0,0,0,0,0,0,1,1,0.0,0.0,0.0,0.0,1.0,0.0,0.0,255,15,0.06,0.02,0.0,0.0,0.0,0.0,0.0,0.07,guess_passwd,8,0
2,0,tcp,telnet,SF,121,174,0,0,0,0,1,0,0,0,0,0,0,0,0,0,0,0,1,1,0.0,0.0,0.0,0.0,1.0,0.0,0.0,255,91,0.36,0.02,0.0,0.0,0.0,0.0,0.01,0.03,guess_passwd,11,0
2,0,tcp,telnet,SF,124,174,0,0,0,0,1,0,0,0,0,0,0,0,0,0,0,0,1,1,0.0,0.0,0.0,0.0,1.0,0.0,0.0,255,127,0.5,0.02,0.0,0.0,0.0,0.0,0.02,0.03,guess_passwd,14,0
2,0,tcp,ftp,SF,26,157,0,0,0,0,1,0,0,0,0,0,0,0,0,0,0,1,1,1,0.0,0.0,0.0,0.0,1.0,0.0,0.0,242,121,0.5,0.02,0.0,0.0,0.0,0.0,0.0,0.0,guess_passwd,8,0
2,0,tcp,telnet,SF,122,174,0,0,0,0,1,0,0,0,0,0,0,0,0,0,0,0,1,1,0.0,0.0,0.0,0.0,1.0,0.0,0.0,255,149,0.58,0.02,0.0,0.0,0.0,0.0,0.02,0.03,guess_passwd,15,0
2,0,tcp,ftp,SF,26,157,0,0,0,0,1,0,0,0,0,0,0,0,0,0,0,1,1,1,0.0,0.0,0.0,0.0,1.0,0.0,0.0,196,94,0.48,0.03,0.01,0.0,0.0,0.0,0.0,0.0,guess_passwd,7,0
2,0,tcp,ftp,SF,26,157,0,0,0,0,1,0,0,0,0,0,0,0,0,0,0,1,1,1,0.0,0.0,0.0,0.0,1.0,0.0,0.0,60,32,0.53,0.07,0.02,0.0,0.0,0.0,0.0,0.0,guess_passwd,7,0
2,0,tcp,telnet,SF,122,174,0,0,0,0,1,0,0,0,0,0,0,0,0,0,0,0,1,1,0.0,0.0,0.0,0.0,1.0,0.0,0.0,255,253,0.99,0.01,0.0,0.0,0.0,0.0,0.02,0.02,guess_passwd,16,0
2,0,tcp,telnet,SF,123,174,0,0,0,0,1,0,0,0,0,0,0,0,0,0,0,0,1,1,0.0,0.0,0.0,0.0,1.0,0.0,0.0,255,79,0.31,0.02,0.0,0.0,0.0,0.0,0.01,0.04,guess_passwd,11,0
2,0,tcp,telnet,SF,121,174,0,0,0,0,1,0,0,0,0,0,0,0,0,0,0,0,1,1,0.0,0.0,0.0,0.0,1.0,0.0,0.0,255,254,1.0,0.01,0.0,0.0,0.02,0.02,0.01,0.01,guess_passwd,13,0
2,0,tcp,telnet,SF,120,174,0,0,0,0,1,0,0,0,0,0,0,0,0,0,0,0,1,1,0.0,0.0,0.0,0.0,1.0,0.0,0.0,255,240,0.94,0.01,0.0,0.0,0.0,0.0,0.02,0.03,guess_passwd,15,0
2,0,tcp,telnet,SF,122,174,0,0,0,0,1,0,0,0,0,0,0,0,0,0,0,0,1,1,0.0,0.0,0.0,0.0,1.0,0.0,0.0,255,138,0.54,0.02,0.0,0.0,0.0,0.0,0.02,0.03,guess_passwd,15,0
2,0,tcp,ftp,SF,26,157,0,0,0,0,1,0,0,0,0,0,0,0,0,0,0,1,1,1,0.0,0.0,0.0,0.0,1.0,0.0,0.0,169,80,0.47,0.03,0.01,0.0,0.0,0.0,0.0,0.0,guess_passwd,7,0
2,0,tcp,telnet,SF,126,174,0,0,0,0,1,0,0,0,0,0,0,0,0,0,0,0,2,2,0.0,0.0,0.0,0.0,1.0,0.0,0.0,255,254,1.0,0.01,0.0,0.0,0.01,0.01,0.02,0.02,guess_passwd,17,0
2,0,tcp,ftp,SF,26,157,0,0,0,0,1,0,0,0,0,0,0,0,0,0,0,1,2,2,0.0,0.0,0.0,0.0,1.0,0.0,0.0,220,109,0.5,0.03,0.0,0.0,0.0,0.0,0.0,0.0,guess_passwd,7,0
2,0,tcp,telnet,SF,121,174,0,0,0,0,1,0,0,0,0,0,0,0,0,0,0,0,1,1,0.0,0.0,0.0,0.0,1.0,0.0,0.0,255,107,0.42,0.02,0.0,0.0,0.0,0.0,0.01,0.03,guess_passwd,10,0
2,0,tcp,ftp,SF,26,157,0,0,0,0,1,0,0,0,0,0,0,0,0,0,0,1,1,1,0.0,0.0,0.0,0.0,1.0,0.0,0.0,192,91,0.47,0.03,0.01,0.0,0.0,0.0,0.0,0.0,guess_passwd,7,0
2,0,tcp,telnet,SF,126,174,0,0,0,0,1,0,0,0,0,0,0,0,0,0,0,0,1,1,0.0,0.0,0.0,0.0,1.0,0.0,0.0,255,254,1.0,0.01,0.0,0.0,0.02,0.02,0.02,0.02,guess_passwd,17,0
2,0,tcp,telnet,SF,128,174,0,0,0,0,1,0,0,0,0,0,0,0,0,0,0,0,1,1,0.0,0.0,0.0,0.0,1.0,0.0,0.0,255,255,1.0,0.0,0.0,0.0,0.01,0.01,0.02,0.02,guess_passwd,16,0
2,0,tcp,ftp,SF,26,157,0,0,0,0,1,0,0,0,0,0,0,0,0,0,0,1,1,1,0.0,0.0,0.0,0.0,1.0,0.0,0.0,124,57,0.46,0.03,0.01,0.0,0.0,0.0,0.0,0.0,guess_passwd,7,0
2,0,tcp,telnet,SF,123,174,0,0,0,0,1,0,0,0,0,0,0,0,0,0,0,0,2,2,0.0,0.0,0.0,0.0,1.0,0.0,0.0,255,213,0.84,0.02,0.0,0.0,0.0,0.0,0.02,0.03,guess_passwd,15,0
2,0,tcp,ftp,SF,26,157,0,0,0,0,1,0,0,0,0,0,0,0,0,0,0,1,1,1,0.0,0.0,0.0,0.0,1.0,0.0,0.0,222,110,0.5,0.03,0.0,0.0,0.0,0.0,0.0,0.0,guess_passwd,7,0
2,0,tcp,ftp,SF,26,157,0,0,0,0,1,0,0,0,0,0,0,0,0,0,0,1,1,1,0.0,0.0,0.0,0.0,1.0,0.0,0.0,49,23,0.47,0.08,0.02,0.0,0.0,0.0,0.0,0.0,guess_passwd,7,0
2,0,tcp,ftp,SF,26,157,0,0,0,0,1,0,0,0,0,0,0,0,0,0,0,1,1,2,0.0,0.0,0.0,0.0,1.0,0.0,1.0,100,54,0.54,0.04,0.01,0.0,0.0,0.0,0.0,0.0,guess_passwd,6,0
2,0,tcp,telnet,RSTO,127,188,0,0,0,0,1,0,0,0,0,0,0,0,0,0,0,0,2,2,0.0,0.0,0.5,0.5,1.0,0.0,0.0,255,37,0.15,0.02,0.0,0.0,0.0,0.0,0.01,0.05,guess_passwd,14,0
2,0,tcp,telnet,RSTO,124,176,0,0,0,0,1,0,0,0,0,0,0,0,0,0,0,0,1,1,0.0,0.0,1.0,1.0,1.0,0.0,0.0,255,3,0.01,0.02,0.0,0.0,0.0,0.0,0.0,0.33,guess_passwd,12,0
2,0,tcp,telnet,SF,118,174,0,0,0,0,1,0,0,0,0,0,0,0,0,0,0,0,1,1,0.0,0.0,0.0,0.0,1.0,0.0,0.0,255,251,0.98,0.01,0.0,0.0,0.0,0.0,0.02,0.02,guess_passwd,15,0
2,0,tcp,telnet,SF,119,188,0,0,0,0,1,0,0,0,0,0,0,0,0,0,0,0,1,1,0.0,0.0,0.0,0.0,1.0,0.0,0.0,255,10,0.04,0.02,0.0,0.0,0.0,0.0,0.0,0.1,guess_passwd,7,0
2,0,tcp,telnet,SF,126,174,0,0,0,0,1,0,0,0,0,0,0,0,0,0,0,0,1,1,0.0,0.0,0.0,0.0,1.0,0.0,0.0,255,87,0.34,0.02,0.0,0.0,0.0,0.0,0.01,0.03,guess_passwd,11,0
2,0,tcp,telnet,SF,124,188,0,0,0,0,1,0,0,0,0,0,0,0,0,0,0,0,1,1,0.0,0.0,0.0,0.0,1.0,0.0,0.0,255,254,1.0,0.01,0.0,0.0,0.02,0.02,0.02,0.02,guess_passwd,16,0
2,0,tcp,telnet,SF,123,174,0,0,0,0,1,0,0,0,0,0,0,0,0,0,0,0,1,1,0.0,0.0,0.0,0.0,1.0,0.0,0.0,255,194,0.76,0.02,0.0,0.0,0.0,0.0,0.02,0.03,guess_passwd,15,0
2,0,tcp,telnet,SF,125,174,0,0,0,0,1,0,0,0,0,0,0,0,0,0,0,0,1,1,0.0,0.0,0.0,0.0,1.0,0.0,0.0,255,251,0.98,0.01,0.0,0.0,0.0,0.0,0.02,0.02,guess_passwd,16,0
2,0,tcp,telnet,SF,124,174,0,0,0,0,1,0,0,0,0,0,0,0,0,0,0,0,1,1,0.0,0.0,0.0,0.0,1.0,0.0,0.0,255,254,1.0,0.01,0.0,0.0,0.01,0.01,0.02,0.02,guess_passwd,17,0
2,0,tcp,ftp,SF,26,157,0,0,0,0,1,0,0,0,0,0,0,0,0,0,0,1,1,1,0.0,0.0,0.0,0.0,1.0,0.0,0.0,223,111,0.5,0.03,0.0,0.0,0.0,0.0,0.0,0.0,guess_passwd,7,0
2,0,tcp,telnet,SF,125,174,0,0,0,0,1,0,0,0,0,0,0,0,0,0,0,0,1,1,0.0,0.0,0.0,0.0,1.0,0.0,0.0,255,116,0.45,0.02,0.0,0.0,0.0,0.0,0.01,0.03,guess_passwd,11,0
2,0,tcp,telnet,SF,124,174,0,0,0,0,1,0,0,0,0,0,0,0,0,0,0,0,2,2,0.0,0.0,0.0,0.0,1.0,0.0,0.0,255,27,0.11,0.02,0.0,0.0,0.0,0.0,0.0,0.04,guess_passwd,11,0
2,0,tcp,telnet,SF,123,174,0,0,0,0,1,0,0,0,0,0,0,0,0,0,0,0,1,1,0.0,0.0,0.0,0.0,1.0,0.0,0.0,255,143,0.56,0.02,0.0,0.0,0.0,0.0,0.02,0.03,guess_passwd,15,0
2,0,tcp,ftp,SF,26,157,0,0,0,0,1,0,0,0,0,0,0,0,0,0,0,1,1,1,0.0,0.0,0.0,0.0,1.0,0.0,0.0,171,81,0.47,0.03,0.01,0.0,0.0,0.0,0.0,0.0,guess_passwd,7,0
2,0,tcp,telnet,SF,124,174,0,0,0,0,1,0,0,0,0,0,0,0,0,0,0,0,1,1,0.0,0.0,0.0,0.0,1.0,0.0,0.0,255,142,0.56,0.02,0.0,0.0,0.0,0.0,0.02,0.03,guess_passwd,15,0
2,0,tcp,telnet,SF,123,174,0,0,0,0,1,0,0,0,0,0,0,0,0,0,0,0,2,2,0.0,0.0,0.0,0.0,1.0,0.0,0.0,255,183,0.72,0.02,0.0,0.0,0.0,0.0,0.02,0.03,guess_passwd,15,0
2,0,tcp,telnet,SF,122,174,0,0,0,0,1,0,0,0,0,0,0,0,0,0,0,0,1,1,0.0,0.0,0.0,0.0,1.0,0.0,0.0,255,202,0.79,0.02,0.0,0.0,0.0,0.0,0.02,0.03,guess_passwd,15,0
2,0,tcp,telnet,SF,124,174,0,0,0,0,1,0,0,0,0,0,0,0,0,0,0,0,1,1,0.0,0.0,0.0,0.0,1.0,0.0,0.0,255,141,0.55,0.02,0.0,0.0,0.0,0.0,0.02,0.03,guess_passwd,15,0
2,0,tcp,telnet,SF,124,174,0,0,0,0,1,0,0,0,0,0,0,0,0,0,0,0,1,1,0.0,0.0,0.0,0.0,1.0,0.0,0.0,255,197,0.77,0.02,0.0,0.0,0.0,0.0,0.02,0.03,guess_passwd,15,0
2,0,tcp,telnet,SF,127,174,0,0,0,0,1,0,0,0,0,0,0,0,0,0,0,0,1,1,0.0,0.0,0.0,0.0,1.0,0.0,0.0,255,153,0.6,0.02,0.0,0.0,0.0,0.0,0.02,0.03,guess_passwd,15,0
2,0,tcp,telnet,SF,123,188,0,0,0,0,1,0,0,0,0,0,0,0,0,0,0,0,1,1,0.0,0.0,0.0,0.0,1.0,0.0,0.0,255,201,0.79,0.02,0.0,0.0,0.0,0.0,0.02,0.03,guess_passwd,15,0
2,0,tcp,ftp,SF,26,157,0,0,0,0,1,0,0,0,0,0,0,0,0,0,0,1,1,1,0.0,0.0,0.0,0.0,1.0,0.0,0.0,76,44,0.58,0.05,0.01,0.0,0.0,0.0,0.0,0.0,guess_passwd,7,0
2,0,tcp,telnet,SF,123,174,0,0,0,0,1,0,0,0,0,0,0,0,0,0,0,0,1,1,0.0,0.0,0.0,0.0,1.0,0.0,0.0,255,60,0.24,0.02,0.0,0.0,0.0,0.0,0.01,0.05,guess_passwd,11,0
2,0,tcp,telnet,SF,125,174,0,0,0,0,1,0,0,0,0,0,0,0,0,0,0,0,1,1,0.0,0.0,0.0,0.0,1.0,0.0,0.0,255,232,0.91,0.02,0.0,0.0,0.0,0.0,0.02,0.03,guess_passwd,15,0
2,0,tcp,telnet,SF,126,174,0,0,0,0,1,0,0,0,0,0,0,0,0,0,0,0,1,1,0.0,0.0,0.0,0.0,1.0,0.0,0.0,255,200,0.78,0.02,0.0,0.0,0.0,0.0,0.02,0.03,guess_passwd,15,0
2,0,tcp,telnet,SF,126,174,0,0,0,0,1,0,0,0,0,0,0,0,0,0,0,0,2,2,0.0,0.0,0.0,0.0,1.0,0.0,0.0,255,248,0.97,0.01,0.0,0.0,0.0,0.0,0.02,0.02,guess_passwd,16,0
2,0,tcp,telnet,SF,126,174,0,0,0,0,1,0,0,0,0,0,0,0,0,0,0,0,1,1,0.0,0.0,0.0,0.0,1.0,0.0,0.0,255,255,1.0,0.0,0.0,0.0,0.01,0.01,0.02,0.02,guess_passwd,17,0
2,0,tcp,ftp,SF,26,157,0,0,0,0,1,0,0,0,0,0,0,0,0,0,0,1,1,1,0.0,0.0,0.0,0.0,1.0,0.0,0.0,56,29,0.52,0.07,0.02,0.0,0.0,0.0,0.0,0.0,guess_passwd,7,0
2,0,tcp,telnet,SF,121,174,0,0,0,0,1,0,0,0,0,0,0,0,0,0,0,0,1,1,0.0,0.0,0.0,0.0,1.0,0.0,0.0,255,254,1.0,0.01,0.0,0.0,0.01,0.01,0.02,0.02,guess_passwd,16,0
2,0,tcp,telnet,SF,127,174,0,0,0,0,1,0,0,0,0,0,0,0,0,0,0,0,1,1,0.0,0.0,0.0,0.0,1.0,0.0,0.0,255,223,0.87,0.02,0.0,0.0,0.0,0.0,0.02,0.03,guess_passwd,15,0
2,0,tcp,telnet,SF,125,174,0,0,0,0,1,0,0,0,0,0,0,0,0,0,0,0,1,1,0.0,0.0,0.0,0.0,1.0,0.0,0.0,255,113,0.44,0.02,0.0,0.0,0.0,0.0,0.01,0.03,guess_passwd,11,0
2,0,tcp,telnet,SF,120,174,0,0,0,0,1,0,0,0,0,0,0,0,0,0,0,0,2,2,0.0,0.0,0.0,0.0,1.0,0.0,0.0,255,203,0.8,0.02,0.0,0.0,0.0,0.0,0.02,0.03,guess_passwd,15,0
2,0,tcp,telnet,SF,124,174,0,0,0,0,1,0,0,0,0,0,0,0,0,0,0,0,1,1,0.0,0.0,0.0,0.0,1.0,0.0,0.0,255,255,1.0,0.0,0.0,0.0,0.0,0.0,0.02,0.02,guess_passwd,17,0
2,0,tcp,telnet,SF,123,174,0,0,0,0,1,0,0,0,0,0,0,0,0,0,0,0,1,1,0.0,0.0,0.0,0.0,1.0,0.0,0.0,255,235,0.92,0.02,0.0,0.0,0.0,0.0,0.02,0.03,guess_passwd,15,0
2,0,tcp,telnet,SF,127,174,0,0,0,0,1,0,0,0,0,0,0,0,0,0,0,0,1,1,0.0,0.0,0.0,0.0,1.0,0.0,0.0,255,180,0.71,0.02,0.0,0.0,0.0,0.0,0.02,0.03,guess_passwd,15,0
2,0,tcp,telnet,SF,125,174,0,0,0,0,1,0,0,0,0,0,0,0,0,0,0,0,1,1,0.0,0.0,0.0,0.0,1.0,0.0,0.0,255,248,0.97,0.01,0.0,0.0,0.0,0.0,0.02,0.02,guess_passwd,16,0
2,0,tcp,ftp,SF,25,157,0,0,0,0,1,0,0,0,0,0,0,0,0,0,0,1,1,1,0.0,0.0,0.0,0.0,1.0,0.0,0.0,46,21,0.46,0.09,0.02,0.0,0.0,0.0,0.0,0.0,guess_passwd,7,0
2,0,tcp,telnet,SF,123,174,0,0,0,0,1,0,0,0,0,0,0,0,0,0,0,0,1,1,0.0,0.0,0.0,0.0,1.0,0.0,0.0,255,199,0.78,0.02,0.0,0.0,0.0,0.0,0.02,0.03,guess_passwd,15,0
2,0,tcp,ftp,SF,26,157,0,0,0,0,1,0,0,0,0,0,0,0,0,0,0,1,1,1,0.0,0.0,0.0,0.0,1.0,0.0,0.0,142,66,0.46,0.03,0.01,0.0,0.0,0.0,0.0,0.0,guess_passwd,7,0
2,0,tcp,telnet,SF,122,174,0,0,0,0,1,0,0,0,0,0,0,0,0,0,0,0,2,2,0.0,0.0,0.0,0.0,1.0,0.0,0.0,255,255,1.0,0.0,0.0,0.0,0.01,0.01,0.02,0.02,guess_passwd,16,0
2,0,tcp,telnet,SF,126,174,0,0,0,0,1,0,0,0,0,0,0,0,0,0,0,0,1,1,0.0,0.0,0.0,0.0,1.0,0.0,0.0,255,162,0.64,0.02,0.0,0.0,0.0,0.0,0.02,0.02,guess_passwd,15,0
2,0,tcp,telnet,SF,121,174,0,0,0,0,1,0,0,0,0,0,0,0,0,0,0,0,1,1,0.0,0.0,0.0,0.0,1.0,0.0,0.0,255,254,1.0,0.01,0.0,0.0,0.02,0.02,0.02,0.02,guess_passwd,16,0
2,0,tcp,ftp,SF,26,157,0,0,0,0,1,0,0,0,0,0,0,0,0,0,0,1,1,1,0.0,0.0,0.0,0.0,1.0,0.0,0.0,159,75,0.47,0.03,0.01,0.0,0.0,0.0,0.0,0.0,guess_passwd,7,0
2,0,tcp,telnet,SF,126,174,0,0,0,0,1,0,0,0,0,0,0,0,0,0,0,0,2,2,0.0,0.0,0.0,0.0,1.0,0.0,0.0,255,124,0.49,0.02,0.0,0.0,0.0,0.0,0.01,0.02,guess_passwd,11,0
2,0,tcp,ftp,SF,26,157,0,0,0,0,1,0,0,0,0,0,0,0,0,0,0,1,1,1,0.0,0.0,0.0,0.0,1.0,0.0,0.0,236,119,0.5,0.03,0.0,0.0,0.0,0.0,0.0,0.0,guess_passwd,8,0
2,0,tcp,telnet,SF,123,178,0,0,0,0,1,0,0,0,0,0,0,0,0,0,0,0,1,1,0.0,0.0,0.0,0.0,1.0,0.0,0.0,29,12,0.41,0.1,0.03,0.0,0.0,0.0,0.14,0.33,guess_passwd,9,0
2,0,tcp,telnet,SF,124,174,0,0,0,0,1,0,0,0,0,0,0,0,0,0,0,0,1,1,0.0,0.0,0.0,0.0,1.0,0.0,0.0,255,163,0.64,0.02,0.0,0.0,0.0,0.0,0.02,0.02,guess_passwd,15,0
2,0,tcp,telnet,SF,126,174,0,0,0,0,1,0,0,0,0,0,0,0,0,0,0,0,1,1,0.0,0.0,0.0,0.0,1.0,0.0,0.0,255,252,0.99,0.01,0.0,0.0,0.0,0.0,0.02,0.02,guess_passwd,17,0
2,0,tcp,ftp,SF,26,157,0,0,0,0,1,0,0,0,0,0,0,0,0,0,0,1,1,1,0.0,0.0,0.0,0.0,1.0,0.0,0.0,54,28,0.52,0.07,0.02,0.0,0.0,0.0,0.0,0.0,guess_passwd,7,0
2,0,tcp,telnet,SF,121,174,0,0,0,0,1,0,0,0,0,0,0,0,0,0,0,0,1,1,0.0,0.0,0.0,0.0,1.0,0.0,0.0,255,190,0.75,0.02,0.0,0.0,0.0,0.0,0.02,0.03,guess_passwd,15,0
2,0,tcp,telnet,SF,121,174,0,0,0,0,1,0,0,0,0,0,0,0,0,0,0,0,1,1,0.0,0.0,0.0,0.0,1.0,0.0,0.0,255,28,0.11,0.02,0.0,0.0,0.0,0.0,0.0,0.04,guess_passwd,10,0
2,0,tcp,telnet,SF,120,174,0,0,0,0,1,0,0,0,0,0,0,0,0,0,0,0,2,2,0.0,0.0,0.0,0.0,1.0,0.0,0.0,255,248,0.97,0.01,0.0,0.0,0.0,0.0,0.02,0.02,guess_passwd,15,0
2,0,tcp,telnet,SF,125,174,0,0,0,0,1,0,0,0,0,0,0,0,0,0,0,0,1,1,0.0,0.0,0.0,0.0,1.0,0.0,0.0,255,254,1.0,0.01,0.0,0.0,0.01,0.01,0.01,0.01,guess_passwd,14,0
2,0,tcp,telnet,SF,120,174,0,0,0,0,1,0,0,0,0,0,0,0,0,0,0,0,1,1,0.0,0.0,0.0,0.0,1.0,0.0,0.0,255,75,0.29,0.02,0.0,0.0,0.0,0.0,0.01,0.04,guess_passwd,11,0
2,0,tcp,telnet,RSTO,124,188,0,0,0,0,1,0,0,0,0,0,0,0,0,0,0,0,1,1,0.0,0.0,1.0,1.0,1.0,0.0,0.0,255,255,1.0,0.0,0.0,0.0,0.0,0.0,0.02,0.02,guess_passwd,10,0
2,0,tcp,telnet,SF,120,174,0,0,0,0,1,0,0,0,0,0,0,0,0,0,0,0,2,2,0.0,0.0,0.0,0.0,1.0,0.0,0.0,255,255,1.0,0.0,0.0,0.0,0.0,0.0,0.02,0.02,guess_passwd,15,0
2,0,tcp,telnet,SF,124,174,0,0,0,0,1,0,0,0,0,0,0,0,0,0,0,0,1,1,0.0,0.0,0.0,0.0,1.0,0.0,0.0,255,108,0.42,0.02,0.0,0.0,0.0,0.0,0.01,0.03,guess_passwd,10,0
2,0,tcp,telnet,SF,118,174,0,0,0,0,1,0,0,0,0,0,0,0,0,0,0,0,1,1,0.0,0.0,0.0,0.0,1.0,0.0,0.0,255,186,0.73,0.02,0.0,0.0,0.0,0.0,0.02,0.03,guess_passwd,15,0
2,0,tcp,telnet,SF,127,188,0,0,0,0,1,0,0,0,0,0,0,0,0,0,0,0,1,1,0.0,0.0,0.0,0.0,1.0,0.0,0.0,255,13,0.05,0.02,0.0,0.0,0.0,0.0,0.0,0.08,guess_passwd,9,0
2,0,tcp,ftp,SF,26,157,0,0,0,0,1,0,0,0,0,0,0,0,0,0,0,1,1,1,0.0,0.0,0.0,0.0,1.0,0.0,0.0,209,101,0.48,0.03,0.0,0.0,0.0,0.0,0.0,0.0,guess_passwd,7,0
2,0,tcp,telnet,SF,125,174,0,0,0,0,1,0,0,0,0,0,0,0,0,0,0,0,1,1,0.0,0.0,0.0,0.0,1.0,0.0,0.0,255,20,0.08,0.02,0.0,0.0,0.0,0.0,0.0,0.05,guess_passwd,8,0
2,0,tcp,telnet,SF,125,174,0,0,0,0,1,0,0,0,0,0,0,0,0,0,0,0,1,1,0.0,0.0,0.0,0.0,1.0,0.0,0.0,255,52,0.2,0.02,0.0,0.0,0.0,0.0,0.01,0.04,guess_passwd,11,0
2,0,tcp,telnet,SF,128,174,0,0,0,0,1,0,0,0,0,0,0,0,0,0,0,0,1,1,0.0,0.0,0.0,0.0,1.0,0.0,0.0,255,255,1.0,0.0,0.0,0.0,0.0,0.0,0.02,0.02,guess_passwd,16,0
2,0,tcp,telnet,SF,121,174,0,0,0,0,1,0,0,0,0,0,0,0,0,0,0,0,2,2,0.0,0.0,0.0,0.0,1.0,0.0,0.0,255,255,1.0,0.0,0.0,0.0,0.01,0.01,0.02,0.02,guess_passwd,16,0
2,0,tcp,telnet,SF,125,174,0,0,0,0,1,0,0,0,0,0,0,0,0,0,0,0,1,1,0.0,0.0,0.0,0.0,1.0,0.0,0.0,255,173,0.68,0.02,0.0,0.0,0.0,0.0,0.02,0.03,guess_passwd,15,0
2,0,tcp,telnet,SF,123,174,0,0,0,0,1,0,0,0,0,0,0,0,0,0,0,0,2,2,0.0,0.0,0.0,0.0,1.0,0.0,0.0,255,103,0.4,0.02,0.0,0.0,0.0,0.0,0.01,0.03,guess_passwd,10,0
2,0,tcp,telnet,SF,124,174,0,0,0,0,1,0,0,0,0,0,0,0,0,0,0,0,1,1,0.0,0.0,0.0,0.0,1.0,0.0,0.0,255,191,0.75,0.02,0.0,0.0,0.0,0.0,0.02,0.03,guess_passwd,15,0
2,0,tcp,telnet,SF,122,174,0,0,0,0,1,0,0,0,0,0,0,0,0,0,0,0,1,1,0.0,0.0,0.0,0.0,1.0,0.0,0.0,255,248,0.97,0.01,0.0,0.0,0.0,0.0,0.02,0.02,guess_passwd,16,0
2,0,tcp,telnet,SF,124,174,0,0,0,0,1,0,0,0,0,0,0,0,0,0,0,0,2,2,0.0,0.0,0.0,0.0,1.0,0.0,0.0,255,243,0.95,0.01,0.0,0.0,0.0,0.0,0.02,0.02,guess_passwd,15,0
2,0,tcp,telnet,SF,122,174,0,0,0,0,1,0,0,0,0,0,0,0,0,0,0,0,1,1,0.0,0.0,0.0,0.0,1.0,0.0,0.0,255,62,0.24,0.02,0.0,0.0,0.0,0.0,0.01,0.05,guess_passwd,11,0
2,0,tcp,telnet,SF,123,174,0,0,0,0,1,0,0,0,0,0,0,0,0,0,0,0,1,1,0.0,0.0,0.0,0.0,1.0,0.0,0.0,255,130,0.51,0.02,0.0,0.0,0.0,0.0,0.02,0.03,guess_passwd,14,0
2,0,tcp,ftp,SF,26,157,0,0,0,0,1,0,0,0,0,0,0,0,0,0,0,1,1,1,0.0,0.0,0.0,0.0,1.0,0.0,0.0,251,127,0.51,0.02,0.0,0.0,0.0,0.0,0.0,0.0,guess_passwd,9,0
2,0,tcp,ftp,SF,26,157,0,0,0,0,1,0,0,0,0,0,0,0,0,0,0,1,1,1,0.0,0.0,0.0,0.0,1.0,0.0,0.0,202,98,0.49,0.03,0.0,0.0,0.0,0.0,0.0,0.0,guess_passwd,7,0
2,0,tcp,telnet,SF,126,174,0,0,0,0,1,0,0,0,0,0,0,0,0,0,0,0,1,1,0.0,0.0,0.0,0.0,1.0,0.0,0.0,255,131,0.51,0.02,0.0,0.0,0.0,0.0,0.02,0.03,guess_passwd,14,0
2,0,tcp,telnet,SF,120,174,0,0,0,0,1,0,0,0,0,0,0,0,0,0,0,0,1,1,0.0,0.0,0.0,0.0,1.0,0.0,0.0,255,238,0.93,0.02,0.0,0.0,0.0,0.0,0.02,0.03,guess_passwd,15,0
2,0,tcp,telnet,SF,122,174,0,0,0,0,1,0,0,0,0,0,0,0,0,0,0,0,1,1,0.0,0.0,0.0,0.0,1.0,0.0,0.0,255,255,1.0,0.0,0.0,0.0,0.01,0.01,0.02,0.02,guess_passwd,16,0
2,0,tcp,ftp,SF,26,157,0,0,0,0,1,0,0,0,0,0,0,0,0,0,0,1,1,1,0.0,0.0,0.0,0.0,1.0,0.0,0.0,59,31,0.53,0.07,0.02,0.0,0.0,0.0,0.0,0.0,guess_passwd,7,0
2,0,tcp,telnet,SF,128,174,0,0,0,0,1,0,0,0,0,0,0,0,0,0,0,0,1,1,0.0,0.0,0.0,0.0,1.0,0.0,0.0,255,254,1.0,0.01,0.0,0.0,0.01,0.01,0.02,0.02,guess_passwd,16,0
2,0,tcp,telnet,SF,127,174,0,0,0,0,1,0,0,0,0,0,0,0,0,0,0,0,2,2,0.0,0.0,0.0,0.0,1.0,0.0,0.0,255,193,0.76,0.02,0.0,0.0,0.0,0.0,0.02,0.03,guess_passwd,15,0
2,0,tcp,telnet,SF,124,174,0,0,0,0,1,0,0,0,0,0,0,0,0,0,0,0,1,1,0.0,0.0,0.0,0.0,1.0,0.0,0.0,255,137,0.54,0.02,0.0,0.0,0.0,0.0,0.02,0.03,guess_passwd,15,0
2,0,tcp,telnet,SF,130,174,0,0,0,0,1,0,0,0,0,0,0,0,0,0,0,0,1,1,0.0,0.0,0.0,0.0,1.0,0.0,0.0,255,255,1.0,0.0,0.0,0.0,0.01,0.01,0.02,0.02,guess_passwd,15,0
2,0,tcp,telnet,RSTO,125,188,0,0,0,0,1,0,0,0,0,0,0,0,0,0,0,0,1,1,0.0,0.0,1.0,1.0,1.0,0.0,0.0,255,254,1.0,0.01,0.0,0.0,0.02,0.02,0.02,0.02,guess_passwd,10,0
2,0,tcp,ftp,SF,26,157,0,0,0,0,1,0,0,0,0,0,0,0,0,0,0,1,1,1,0.0,0.0,0.0,0.0,1.0,0.0,0.0,133,62,0.47,0.03,0.01,0.0,0.0,0.0,0.0,0.0,guess_passwd,7,0
2,0,tcp,telnet,SF,126,174,0,0,0,0,1,0,0,0,0,0,0,0,0,0,0,0,1,1,0.0,0.0,0.0,0.0,1.0,0.0,0.0,255,128,0.5,0.02,0.0,0.0,0.0,0.0,0.02,0.03,guess_passwd,14,0
2,0,tcp,telnet,SF,120,174,0,0,0,0,1,0,0,0,0,0,0,0,0,0,0,0,1,1,0.0,0.0,0.0,0.0,1.0,0.0,0.0,255,239,0.94,0.02,0.0,0.0,0.0,0.0,0.02,0.03,guess_passwd,15,0
2,0,tcp,telnet,SF,124,174,0,0,0,0,1,0,0,0,0,0,0,0,0,0,0,0,1,1,0.0,0.0,0.0,0.0,1.0,0.0,0.0,255,61,0.24,0.02,0.0,0.0,0.0,0.0,0.01,0.05,guess_passwd,11,0
2,0,tcp,telnet,SF,127,174,0,0,0,0,1,0,0,0,0,0,0,0,0,0,0,0,2,2,0.0,0.0,0.0,0.0,1.0,0.0,0.0,255,208,0.82,0.02,0.0,0.0,0.0,0.0,0.02,0.03,guess_passwd,15,0
2,0,tcp,ftp,SF,26,157,0,0,0,0,1,0,0,0,0,0,0,0,0,0,0,1,1,1,0.0,0.0,0.0,0.0,1.0,0.0,0.0,233,118,0.51,0.03,0.0,0.0,0.0,0.0,0.0,0.0,guess_passwd,8,0
2,0,tcp,telnet,SF,123,174,0,0,0,0,1,0,0,0,0,0,0,0,0,0,0,0,1,1,0.0,0.0,0.0,0.0,1.0,0.0,0.0,255,246,0.96,0.01,0.0,0.0,0.0,0.0,0.02,0.02,guess_passwd,16,0
2,0,tcp,telnet,SF,127,174,0,0,0,0,1,0,0,0,0,0,0,0,0,0,0,0,1,1,0.0,0.0,0.0,0.0,1.0,0.0,0.0,255,254,1.0,0.01,0.0,0.0,0.01,0.01,0.01,0.01,guess_passwd,14,0
2,0,tcp,telnet,SF,121,174,0,0,0,0,1,0,0,0,0,0,0,0,0,0,0,0,1,1,0.0,0.0,0.0,0.0,1.0,0.0,0.0,255,90,0.35,0.02,0.0,0.0,0.0,0.0,0.01,0.03,guess_passwd,11,0
2,0,tcp,telnet,SF,124,174,0,0,0,0,1,0,0,0,0,0,0,0,0,0,0,0,1,1,0.0,0.0,0.0,0.0,1.0,0.0,0.0,255,207,0.81,0.02,0.0,0.0,0.0,0.0,0.02,0.03,guess_passwd,15,0
2,0,tcp,telnet,SF,123,174,0,0,0,0,1,0,0,0,0,0,0,0,0,0,0,0,1,1,0.0,0.0,0.0,0.0,1.0,0.0,0.0,255,250,0.98,0.01,0.0,0.0,0.0,0.0,0.02,0.02,guess_passwd,16,0
2,0,tcp,ftp,SF,26,157,0,0,0,0,1,0,0,0,0,0,0,0,0,0,0,1,1,1,0.0,0.0,0.0,0.0,1.0,0.0,0.0,156,72,0.46,0.03,0.01,0.0,0.0,0.0,0.0,0.0,guess_passwd,7,0
2,0,tcp,http,SF,51,8371,0,0,0,2,0,1,0,1,0,0,0,0,1,0,0,0,1,1,0.0,0.0,0.0,0.0,1.0,0.0,0.0,255,227,0.89,0.02,0.0,0.0,0.0,0.0,0.0,0.0,phf,4,0
2,0,tcp,telnet,SF,123,174,0,0,0,0,1,0,0,0,0,0,0,0,0,0,0,0,1,1,0.0,0.0,0.0,0.0,1.0,0.0,0.0,255,156,0.61,0.02,0.0,0.0,0.0,0.0,0.02,0.03,guess_passwd,15,0
2,0,tcp,telnet,SF,122,174,0,0,0,0,1,0,0,0,0,0,0,0,0,0,0,0,2,2,0.0,0.0,0.0,0.0,1.0,0.0,0.0,255,255,1.0,0.0,0.0,0.0,0.0,0.0,0.02,0.02,guess_passwd,16,0
2,0,tcp,telnet,SF,123,174,0,0,0,0,1,0,0,0,0,0,0,0,0,0,0,0,1,1,0.0,0.0,0.0,0.0,1.0,0.0,0.0,255,248,0.97,0.01,0.0,0.0,0.0,0.0,0.02,0.02,guess_passwd,16,0
2,0,tcp,telnet,SF,123,174,0,0,0,0,1,0,0,0,0,0,0,0,0,0,0,0,1,1,0.0,0.0,0.0,0.0,1.0,0.0,0.0,255,117,0.46,0.02,0.0,0.0,0.0,0.0,0.01,0.03,guess_passwd,11,0
2,0,tcp,telnet,SF,121,174,0,0,0,0,1,0,0,0,0,0,0,0,0,0,0,0,1,1,0.0,0.0,0.0,0.0,1.0,0.0,0.0,255,100,0.39,0.02,0.0,0.0,0.0,0.0,0.01,0.03,guess_passwd,10,0
2,0,tcp,telnet,SF,121,174,0,0,0,0,1,0,0,0,0,0,0,0,0,0,0,0,2,2,0.0,0.0,0.0,0.0,1.0,0.0,0.0,255,78,0.31,0.02,0.0,0.0,0.0,0.0,0.01,0.04,guess_passwd,11,0
2,0,tcp,telnet,SF,127,174,0,0,0,0,1,0,0,0,0,0,0,0,0,0,0,0,1,1,0.0,0.0,0.0,0.0,1.0,0.0,0.0,255,250,0.98,0.01,0.0,0.0,0.0,0.0,0.02,0.02,guess_passwd,16,0
2,0,tcp,telnet,SF,125,174,0,0,0,0,1,0,0,0,0,0,0,0,0,0,0,0,1,1,0.0,0.0,0.0,0.0,1.0,0.0,0.0,255,254,1.0,0.01,0.0,0.0,0.01,0.01,0.02,0.02,guess_passwd,17,0
2,0,tcp,ftp,SF,26,157,0,0,0,0,1,0,0,0,0,0,0,0,0,0,0,1,1,1,0.0,0.0,0.0,0.0,1.0,0.0,0.0,216,106,0.49,0.03,0.0,0.0,0.0,0.0,0.0,0.0,guess_passwd,7,0
2,0,tcp,telnet,SF,126,174,0,0,0,0,1,0,0,0,0,0,0,0,0,0,0,0,1,1,0.0,0.0,0.0,0.0,1.0,0.0,0.0,255,111,0.44,0.02,0.0,0.0,0.0,0.0,0.01,0.03,guess_passwd,11,0
2,0,tcp,telnet,SF,126,174,0,0,0,0,1,0,0,0,0,0,0,0,0,0,0,0,2,2,0.0,0.0,0.0,0.0,1.0,0.0,0.0,255,255,1.0,0.0,0.0,0.0,0.01,0.01,0.02,0.02,guess_passwd,17,0
2,0,tcp,ftp,SF,26,157,0,0,0,0,1,0,0,0,0,0,0,0,0,0,0,1,1,1,0.0,0.0,0.0,0.0,1.0,0.0,0.0,229,115,0.5,0.03,0.0,0.0,0.0,0.0,0.0,0.0,guess_passwd,8,0
2,0,tcp,telnet,SF,125,174,0,0,0,0,1,0,0,0,0,0,0,0,0,0,0,0,1,1,0.0,0.0,0.0,0.0,1.0,0.0,0.0,255,247,0.97,0.01,0.0,0.0,0.0,0.0,0.02,0.02,guess_passwd,16,0
2,0,tcp,ftp,SF,26,157,0,0,0,0,1,0,0,0,0,0,0,0,0,0,0,1,1,1,0.0,0.0,0.0,0.0,1.0,0.0,0.0,93,50,0.54,0.04,0.01,0.0,0.0,0.0,0.0,0.0,guess_passwd,7,0
2,0,tcp,telnet,SF,122,174,0,0,0,0,1,0,0,0,0,0,0,0,0,0,0,0,2,2,0.0,0.0,0.0,0.0,1.0,0.0,0.0,255,198,0.78,0.02,0.0,0.0,0.0,0.0,0.02,0.03,guess_passwd,15,0
2,0,tcp,ftp,SF,26,157,0,0,0,0,1,0,0,0,0,0,0,0,0,0,0,1,1,1,0.0,0.0,0.0,0.0,1.0,0.0,0.0,71,40,0.56,0.06,0.01,0.0,0.0,0.0,0.0,0.0,guess_passwd,7,0
2,0,tcp,telnet,SF,127,174,0,0,0,0,1,0,0,0,0,0,0,0,0,0,0,0,2,2,0.0,0.0,0.0,0.0,1.0,0.0,0.0,255,178,0.7,0.02,0.0,0.0,0.0,0.0,0.02,0.03,guess_passwd,15,0
2,0,tcp,telnet,SF,126,174,0,0,0,0,1,0,0,0,0,0,0,0,0,0,0,0,1,1,0.0,0.0,0.0,0.0,1.0,0.0,0.0,255,36,0.14,0.02,0.0,0.0,0.0,0.0,0.0,0.03,guess_passwd,10,0
